DROP TABLE IF EXISTS signalement_workflow;
DROP TABLE IF EXISTS signalement_workflow_notification_config;
DROP TABLE IF EXISTS signalement_workflow_notification_user_config;
DROP TABLE IF EXISTS signalement_workflow_notification_config_unit;
DROP TABLE IF EXISTS signalement_workflow_notification_user_value;
DROP TABLE IF EXISTS signalement_workflow_notifuser_3contents_config;
DROP TABLE IF EXISTS signalement_workflow_notifuser_3contents_value;
DROP TABLE IF EXISTS signalement_workflow_rac_unit;

--
-- Table structure for table signalement_workflow
--
CREATE TABLE signalement_workflow (
    id_workflow integer,
    CONSTRAINT id_workflow_pkey PRIMARY KEY (id_workflow)
);


--
-- Table structure for table signalement_workflow_notification_config
--
CREATE TABLE signalement_workflow_notification_config
(
  id_task integer NOT NULL,
  subject character varying(255),
  message text,
  sender character varying(255),
  CONSTRAINT signalement_workflow_notification_config_pkey PRIMARY KEY (id_task )
);

--
-- Table structure for table signalement_workflow_notification_user_config
--
CREATE TABLE signalement_workflow_notification_user_config
(
  id_task integer NOT NULL,
  subject character varying(255),
  sender character varying(255),
  title character varying(255),
  id_message integer,
  CONSTRAINT signalement_workflow_notification_user_config_pkey PRIMARY KEY (id_task),
  CONSTRAINT signalement_workflow_notification_user_config_fkey FOREIGN KEY (id_message)
      REFERENCES signalement_message_creation (id_message) MATCH SIMPLE
      ON UPDATE NO ACTION ON DELETE NO ACTION
);

--
-- Table structure for table signalement_workflow_notification_config_unit
--
CREATE TABLE signalement_workflow_notification_config_unit
(
  id_task integer NOT NULL,
  destinataires character varying(255),
  id_unit bigint NOT NULL,
  CONSTRAINT signalement_workflow_notification_config_unit_pkey PRIMARY KEY (id_task , id_unit )
);


--
-- Table structure for table signalement_workflow_notification_user_value
--
CREATE TABLE signalement_workflow_notification_user_value
(
  id_history integer NOT NULL DEFAULT 0,
  id_task integer NOT NULL,
  notification_value text,
  CONSTRAINT signalement_workflow_notification_user_value_pkey PRIMARY KEY (id_history, id_task),
  CONSTRAINT fk_notification_user_value_id_history FOREIGN KEY (id_history)
      REFERENCES workflow_resource_history (id_history) MATCH SIMPLE
      ON UPDATE RESTRICT ON DELETE RESTRICT,
  CONSTRAINT fk_notification_user_id_task FOREIGN KEY (id_task)
      REFERENCES workflow_task (id_task) MATCH SIMPLE
      ON UPDATE RESTRICT ON DELETE RESTRICT
);

--
-- Table structure for table signalement_workflow_notifuser_3contents_config
--
CREATE TABLE signalement_workflow_notifuser_3contents_config
(
  id_task integer NOT NULL,
  subject character varying(255),
  sender character varying(255),
  message1 text,
  message2 text,
  message3 text,
  CONSTRAINT signalement_workflow_notifuser_3contents_config_pkey PRIMARY KEY (id_task)
);

--
-- Table structure for table signalement_workflow_notifuser_3contents_value
--
CREATE TABLE signalement_workflow_notifuser_3contents_value
(
  id_history integer NOT NULL DEFAULT 0,
  id_task integer NOT NULL,
  notification_value text,
  CONSTRAINT signalement_workflow_notifuser_3contents_value_pkey PRIMARY KEY (id_history, id_task),
  CONSTRAINT fk_notifuser_3contents_value_id_history FOREIGN KEY (id_history)
      REFERENCES workflow_resource_history (id_history) MATCH SIMPLE
      ON UPDATE RESTRICT ON DELETE RESTRICT,
  CONSTRAINT fk_notification_user_id_task FOREIGN KEY (id_task)
      REFERENCES workflow_task (id_task) MATCH SIMPLE
      ON UPDATE RESTRICT ON DELETE RESTRICT
);

CREATE TABLE signalement_workflow_rac_unit
(
  id_config_unit integer NOT NULL,
  id_task integer NOT NULL,
  id_unit_source integer NOT NULL,
  id_type_signalement integer NOT NULL,
  id_unit_target integer NOT NULL,
  id_state_after integer NOT NULL,
  CONSTRAINT signalement_workflow_rac_unit_pkey PRIMARY KEY (id_config_unit),
  CONSTRAINT fk_signalement_rac_id_task FOREIGN KEY (id_task)
      REFERENCES workflow_task (id_task) MATCH SIMPLE
      ON UPDATE RESTRICT ON DELETE RESTRICT
);


INSERT INTO signalement_workflow (id_workflow) VALUES (2);

INSERT INTO signalement_workflow_notification_user_config (id_task, subject, sender, title, id_message) VALUES (76, 'Signalement d''un incident', 'Mairie de Paris','Message à destination de l''usager', 1);
INSERT INTO signalement_workflow_notification_user_config (id_task, subject, sender, title, id_message) VALUES (77, 'Signalement d''un incident', 'Mairie de Paris','Message à destination de l''usager', 1);


-- Add admin right for message tracking management

INSERT INTO core_admin_right (id_right, name, level_right, admin_url, description, is_updatable, plugin_name, id_feature_group, icon_url, documentation_url, id_order)
 VALUES ('MESSAGE_TRACKING_MANAGEMENT', 'module.workflow.dansmarue.adminFeature.messageTrackingManagement.name', 2, 'jsp/admin/plugins/workflow/modules/signalement/GetMessageTrackingManagement.jsp', 'module.workflow.signalement.adminFeature.messageTrackingManagement.description', 0, 'signalement', 'SIGNALEMENT', NULL, NULL, 1);

INSERT INTO core_user_right (id_right, id_user) VALUES ('MESSAGE_TRACKING_MANAGEMENT', 1);



--
-- Data for Name: workflow_workflow; Type: TABLE DATA; Schema: public; Owner: ramen_dev
--
INSERT INTO workflow_workflow (id_workflow, name, description, creation_date, is_enabled, workgroup_key) VALUES (2, 'Signalements', 'Gestions des signalements d''anomalie', '2012-03-20 13:55:10.625', 1, 'all');

--
-- Dumping data for table workflow_icon
--
INSERT INTO workflow_icon (id_icon, name, mime_type, file_value, width, height) VALUES (12, 'Requalifier (Signalement)', 'image/png', '\\211PNG\\015\\012\\032\\012\\000\\000\\000\\015IHDR\\000\\000\\000\\030\\000\\000\\000\\030\\010\\002\\000\\000\\000o\\025\\252\\257\\000\\000\\000\\011pHYs\\000\\000\\013\\022\\000\\000\\013\\022\\001\\322\\335~\\374\\000\\000\\004\\204IDATx\\332\\255U\\333o\\333d\\024\\367\\023h\\240I\\223x\\0014!\\201\\204xB\\202''\\320x\\344\\005$\\304?\\300\\177\\200\\020\\002!$\\206(\\274\\014m\\240\\015\\3014\\332uZ\\033\\266\\216^\\266\\266\\2714\\315\\315\\211\\355\\330\\261\\223\\324I|Il''vR;\\266\\033/Y\\333d\\035m\\227KW\\316\\222\\256\\351\\020\\323\\204\\304\\321\\321q\\374\\371\\313\\357\\374\\316\\345;\\037\\362\\340\\221\\354\\355=x\\252\\354\\365\\345\\037\\213\\373}A\\366\\377''A\\006\\250\\333\\333\\333\\252V\\216S4\\235L\\377\\2732)&\\265\\202bD6\\307\\265Zw\\267wv\\2162\\002\\213\\014\\250\\326\\034\\207\\027\\362\\215\\306:\\274v:\\235n\\267\\327\\351\\364\\300\\036*\\254\\301\\037\\224b\\211N\\246L\\333Y\\325\\315^o\\0170`\\377\\220\\021<l\\333\\026\\363\\005\\323Z\\213aq\\014''\\211x\\002''(\\260G\\224\\202O4\\223.H\\262\\244jjE\\2577\\326\\367\\037\\354\\017\\031\\015~\\231\\226%\\210y\\3350n\\316\\273o-x\\026\\334\\276y\\267\\027\\354C\\365\\370\\334\\336\\245E\\317\\322\\334\\255\\005\\300\\222$\\331tjU\\247&\\2254\\265\\254C\\214\\373}^\\007@\\226e\\3478\\336\\264\\327\\234:x\\332\\330h\\266\\3267\\233`7\\232\\315\\372\\235u\\347v\\343\\316\\306f\\255\\336hmm\\255\\260Y\\337rh9\\024\\361\\207\\243\\021\\222\\026%i\\220\\251G@\\246\\235\\315\\361\\206i5\\326\\327\\345bI\\310K\\242$\\347%\\271 +\\025\\335\\260kNA\\226\\015\\313\\322\\312\\345\\252\\265\\306$\\323+l.\\212\\307g\\346\\335q2\\321gt\\010dYl\\226\\323V\\015\\303\\264\\321\\030\\216\\023d\\024#\\334>\\377\\215\\351Y"A\\027\\2652\\032\\215\\3468.\\315f$\\245\\270\\012)0M@\\317qb \\204\\366 \\355\\207@\\246m\\256d\\262\\232\\256\\203[\\212I\\345\\004\\0014\\236H.z\\375$\\315\\000\\2515\\307\\261\\035\\010\\261\\241U*U{\\255b\\030N\\243\\321\\356v\\302h\\254\\335n\\037\\011\\315\\262\\300[\\251\\277)J\\304c$E%S\\3218\\031\\216\\341$\\235,\\225+1\\034\\203&\\353\\223b\\343\\360\\221]\\261\\034\\247\\271\\265\\025\\014G\\241]\\216\\204f\\332\\320o\\262\\252\\351\\226E2\\014NQ!\\024\\245Si\\214\\2442\\034\\257\\351\\006A%\\230\\364\\012$\\247oYx\\205\\235\\365\\315\\346r0\\322\\355v\\036+?\\264o\\241\\250=tN\\020$M\\317\\314\\316r\\242\\030\\010\\006\\241\\003\\213\\345\\3250\\212\\011b\\201\\343D\\216\\317\\027\\012r\\034K\\032\\325\\372\\332\\235\\306R \\334\\355v\\341\\024>bd\\367\\201Jj\\265V\\313\\027\\213\\252aH\\245\\222 \\313J\\271\\254\\352\\206fT\\003\\341\\010_\\020!""A\\211\\202\\352\\362^Bs\\336\\326\\335\\336R \\004\\241\\035\\315\\221\\231`R\\202\\242\\224\\364U\\177 \\200b\\320\\336\\361`(\\024F\\321t6''k\\345\\340r\\202&\\245e\\017\\265x3\\222\\360\\233_]\\371xd\\361\\215\\371\\344\\370\\242/\\320\\353\\366\\206\\214L\\023\\212\\225\\344e\\005\\374Gq\\002''I&\\235\\206\\000\\2618\\231\\025\\204RE\\037\\235\\276\\370\\313\\324\\371\\237\\257\\236\\375\\351\\352\\217\\027''\\306?\\033\\373p4\\372\\316\\017\\363\\357][\\230\\200\\203\\262\\267\\327;\\314\\221\\015\\007\\211\\223\\025\\255j\\012J1_R\\223\\231\\254\\242\\353\\\\A\\202x\\345\\262\\371\\351\\037\\257\\217\\222o\\236\\213\\274p.r\\342l\\370\\370o\\330+\\236\\334)\\027\\375\\342\\257\\241Sj-\\373X\\371a\\206$9\\201S\\212\\213\\036\\217\\327\\277\\024\\210D\\374\\301\\200\\333\\347\\243\\240x\\274\\362\\355\\302[t\\365\\375\\033\\354\\361\\033\\231c\\177f\\236\\273\\226yf\\214A\\\\\\354\\261\\313\\314\\263\\263\\311/\\207\\247\\037\\200\\240\\345Q\\250|N\\010\\305\\210\\010\\016\\255\\304\\2408\\025\\301 H\\226`\\204/\\346Nz\\313\\257\\216\\262\\010\\350\\030\\213\\\\f\\221+,\\342\\342\\221\\363\\0042C\\236\\036\\0029\\216\\203b\\370\\357\\343\\256\\211\\3533\\223S\\263\\256\\251\\331\\311\\353\\017\\255kj\\016V\\256L\\316}~\\365\\3553\\313\\257\\215\\270_\\376\\316\\363\\322\\210\\373\\344i\\357\\363\\2278\\344\\014\\216\\\\X\\372@\\323K\\007\\203\\015\\200vwwo\\327\\353\\302\\023D\\354K\\226\\347s\\274\\220\\341\\262|F\\373~\\372\\243\\257=''\\306\\275#j\\245\\370\\330\\030\\031\\014\\306\\277\\372\\262\\375\\004\\331\\351\\333\\255{\\255{\\033\\335\\013\\336O\\276\\231~7\\237WZ[\\315\\20312\\030\\224O\\277@\\206\\027I\\257}\\277#\\252\\251\\202\\232m\\337o\\367z\\335\\301\\355\\202\\034\\316\\312\\377$\\007\\356\\367\\207\\303\\377o\\001@\\254RJEA%\\000\\000\\000\\000IEND\\256B`\\202', 24, 24);
INSERT INTO workflow_icon (id_icon, name, mime_type, file_value, width, height) VALUES (13, 'Rejeter (Signalement)', 'image/png', '\\211PNG\\015\\012\\032\\012\\000\\000\\000\\015IHDR\\000\\000\\000\\030\\000\\000\\000\\030\\010\\002\\000\\000\\000o\\025\\252\\257\\000\\000\\000\\011pHYs\\000\\000\\013\\022\\000\\000\\013\\022\\001\\322\\335~\\374\\000\\000\\004\\012IDATx\\332\\255U}lSU\\024\\177\\361\\037\\365\\017\\023\\025\\203\\212\\244\\033\\033\\224\\305m0\\025]p\\370E7\\324\\266[\\273\\225Hi\\267b\\267\\26117\\205m\\014\\201!\\037\\201\\2250\\006q]\\230!*!\\260\\371\\001S\\010n&&*1\\231JL03*\\010\\230\\230\\215\\005];\\327\\367\\226\\326\\276\\217{\\316\\365\\276\\373^\\205\\314m\\376\\343\\311\\311}\\367\\235s\\3369\\277\\373;\\367\\336''\\320\\031\\004\\021\\371\\010H4J46\\262\\271nev\\356\\232"\\002\\375\\237d\\232D&\\026\\000\\275z\\\\\\304\\301\\3238\\320\\205\\027\\316bb\\3224N\\007jFD\\300V\\304\\322}s\\006\\332\\275\\364\\235zh\\363\\340\\017\\347y~\\215\\362t\\377\\225\\310(\\310\\236\\214\\224\\341K\\330\\263\\027\\303\\325\\370n\\023vV\\223\\343;\\311\\305\\317\\221''3"gK\\204\\251E\\301\\330\\210\\266\\327\\007!?\\355\\250\\304\\003\\001\\014o\\300\\235n\\330\\037\\300\\2111\\275\\024\\213\\231\\005\\221\\261x \\204\\315I_''\\276\\376<m[\\213\\335M\\2647\\204\\355Az\\360e\\334\\356\\300\\317Nr\\006\\211\\211(\\205\\353_\\210X)\\246\\252\\014]\\215\\330Z\\214\\035\\325\\364\\333~\\274t\\201~\\034\\306\\220\\217\\356*\\205\\267w\\360zSi\\022n\\205\\243C&:\\2270\\370\\0116\\332\\3506''\\364\\275iz\\307o\\340>?\\356\\366@S\\021\\\\\\374\\222\\305\\031\\300q*"\\376\\016\\234E6#\\207\\033\\360\\265g\\241\\271\\210\\236;\\312\\254\\272FF\\351\\276ut\\253\\0237=\\247\\035\\331\\254\\007k\\032\\357.L\\217\\2105\\013F\\257A\\213\\203\\266\\274\\210\\015O\\3233\\335&\\013\\221Q\\334\\343\\303\\346U\\330\\\\\\010{\\374\\344\\353\\001T\\344\\351\\021\\361C\\2000\\330O\\232\\034\\264v9\\335X\\210\\225\\313\\350\\251N3\\321\\330\\010\\335V\\212\\033\\012\\350&\\033\\276\\262\\202x\\263\\340\\373\\257x\\367L\\262\\004\\232\\332\\307l\\013\\352\\263\\343!\\372\\302\\\\\\334\\270\\022\\353\\236\\302@\\036\\236\\012\\353\\334\\263\\032c\\327q\\213\\233V\\345c\\3753\\264\\256\\000\\335i\\344d;\\337n&S\\002\\336\\332\\254\\350\\015\\255f\\005\\372rp}>\\373\\206\\372si\\327f\\023\\362\\3105Z[@\\203\\313\\364\\\\5\\3131\\230\\007\\257\\332p"\\202\\306V\\370\\007\\221\\321\\002\\371\\350.\\3151\\217V>\\016\\376%\\340_J\\374\\271d\\335\\243\\320\\325\\002\\357\\035\\202\\035k`M\\026)\\317c.\\254X\\302VM\\234\\017\\252\\275\\2070>i\\\\\\014\\202\\261\\337QS1\\371Wb\\353j\\342\\262`\\305R\\2626G\\363\\346\\250\\276\\\\\\325\\263Pk\\264\\303\\201:\\315\\373\\260\\346\\315Vu{6\\370rh\\340\\021p[\\344\\335\\001uh\\220\\267N\\023\\214\\303I\\376\\270\\036k.Kx\\026\\223\\262L\\325c\\225=\\326\\344\\352\\305I\\247Ey\\243\\\\\\307\\257*\\344\\334\\261\\244c\\276\\314\\214e\\213\\024\\217U\\363X\\361\\245\\254\\370\\252\\271\\261\\300\\023\\020\\21324\\002j\\012K\\244\\234\\357\\3735[\\230\\264\\317O\\2722\\342\\305\\351\\211\\222\\005\\011wf|\\345\\034\\245\\347\\260A\\021\\031\\276\\222pe0{\\234\\271tM\\227K3%\\373C\\321''\\357T?\\355\\3259BUe\\217\\344\\007\\007\\377|\\3546\\321n\\021\\235\\031\\242=Mr\\244K\\316\\005\\242\\355\\376xk9\\310I\\306br\\240G,z@b^\\346b\\312b\\234\\351bq\\306d\\301\\035\\360Q\\230w\\215#\\032?\\373\\026\\024\\012\\324}\\027-\\271\\227\\226\\314\\321\\325u\\237\\256\\305\\367\\320\\252\\\\Z\\237O=\\363\\250\\363n\\323\\310\\003\\220M\\234\\267k6A\\372\\342}\\035\\021\\360\\346\\211\\321\\310O'':F\\266\\273b\\301ER\\225U\\252\\344\\243\\241\\2014\\251\\302"\\005\\027\\362\\327\\224\\227\\353o[\\354\\227\\273[%I\\342\\210x\\373\\025E\\371q\\370\\367\\241\\376\\017/\\2677\\\\m[\\177e\\177\\315\\325\\233Z\\313\\365\\246E\\367\\206XL\\355w\\375\\247\\207~\\376\\005\\270\\010\\374\\220\\032G\\006eY\\036\\027\\245\\310\\204\\030\\215\\211\\221\\231U\\367\\362\\030UQ\\364\\363\\300EH\\375vf\\374\\317\\314&\\251{\\231\\311\\337dot\\363;-\\215V\\000\\000\\000\\000IEND\\256B`\\202', 24, 24);
INSERT INTO workflow_icon (id_icon, name, mime_type, file_value, width, height) VALUES (9, 'Programmer (Signalement)', 'image/png', '\\211PNG\\015\\012\\032\\012\\000\\000\\000\\015IHDR\\000\\000\\000\\030\\000\\000\\000\\030\\010\\002\\000\\000\\000o\\025\\252\\257\\000\\000\\000\\011pHYs\\000\\000\\013\\022\\000\\000\\013\\022\\001\\322\\335~\\374\\000\\000\\004\\342IDATx\\332\\255U\\375OSW\\030\\346_\\361\\207\\305\\370\\303b\\026\\306\\310\\224U\\220/\\2059\\374\\300\\257Q*")2u\\220\\270\\270d11\\233\\272%s1\\272\\371E[\\220\\257BQ(\\255P\\025\\301\\252\\210P\\372%"U(b\\205\\202tm\\351\\327-m\\357\\275\\275\\357\\273sn\\231\\354\\307e\\331\\311sO\\336\\347\\315{\\237\\363\\234\\367\\234\\334\\233\\006\\200d\\220\\231\\027!PJ\\237$\\000/P\\210\\005 \\244\\012\\204T\\301\\337\\365\\002~x=\\015\\377\\247\\221\\226Z\\201\\341\\360\\302,\\236\\232\\306\\221e"O]\\030<p\\322!\\334p\\201\\270,\\314\\307\\360\\354\\014^\\232\\305\\327\\014]\\237\\240a\\036\\317;\\351\\213)\\232\\306\\213J\\236\\030H''\\240l\\006\\033\\347\\010\\023\\310sy:\\261\\357I\\270\\312\\306\\363\\224\\011\\366e\\334\\357\\300b3\\032\\275\\253\\026j_\\303n;.\\255\\220\\327!)P!\\232\\235\\012\\342!;VN\\343\\325\\031\\364\\306\\301\\033\\307\\263\\016A\\366")\\177\\016\\363\\014\\315\\014\\276G\\351\\004\\3562\\241\\316M(zV\\260\\366%\\036\\260\\340l\\0109\\261qi\\\\\\222:\\252\\033\\201\\003\\243pt\\002\\313L(\\265\\342\\327f\\032\\3248\\260B\\214\\313\\315(5a\\225\\035+\\314(#\\261\\005\\010\\255\\264\\000\\201\\324\\010\\367\\335T\\2018\\242\\226\\2763\\011\\345VA\\376\\034\\217\\276\\304\\232I8:\\211\\325/@n\\0032\\037#r\\343 \\265\\341a\\033\\226YQj\\307*\\262\\236\\015e686\\201\\222^\\241\\335)\\254\\365\\250n\\210=8\\014GLx\\230`tu\\256$ \\006G\\360\\227W\\250"Ga\\307+NT\\316\\342I;\\020\\372\\233C(\\177*\\344t\\307;\\2468\\352\\210\\023\\205N<\\212\\3575\\202l\\010+\\236"\\231SA\\371\\020V>\\305\\222A\\332A2\\232fV\\333\\\\?E7\\341g\\370\\242^V\\322\\031U;\\022\\251\\255Q\\241\\343\\306X\\351C({\\214\\305\\375x\\3601\\3563b\\361\\003\\224=\\301\\235\\003\\270\\355>^q\\240\\356\\035\\376`\\301\\3667\\250u\\341)3\\350\\346\\360\\306\\004\\277\\313\\300n\\356`\\332&\\343k\\216j\\036D\\213\\357\\202|\\010\\235!<>\\214\\347\\355\\350\\014c\\321]4.\\242\\366-^\\177\\205V\\037\\376h\\305\\207\\2138\\346\\305\\323f\\260\\372\\261{\\206\\373R\\227\\310l\\011\\267L\\304\\250\\020+\\236\\232\\374nx\\233^8<\\010\\343^\\2546\\302\\2311\\032\\024\\352\\301\\340\\302\\266)PL\\302K"4\\006C\\013H\\362\\247G\\004B\\365\\323\\211\\302[\\261\\364\\206\\345\\246qf\\315QUo\\250H\\007\\273\\3730\\257\\033v\\366\\342\\216;\\220\\247\\205R\\003\\026\\366\\300v\\035\\024\\351)%\\311\\202\\0361\\320C~\\017dk\\022;\\272\\242\\033\\353}M\\366\\210($::\\242\\017dw\\362G\\372i\\027\\217?\\024.\\333h2\\253#\\351\\216\\200e\\011\\356\\271(\\375\\335\\016\\014G\\357\\361\\257\\026Z\\366\\306\\237\\220\\264\\2046^\\3634Z\\303\\242\\020O\\213\\016u\\371r\\324\\211\\335Z\\356\\3540W\\332\\303\\035\\352#\\001_\\320\\311}\\377\\210\\257\\033\\344\\216\\365SJ\\222\\247\\237\\360?\\015\\363\\322;\\354\\271g\\311\\272\\373Lns`\\303\\245\\005\\2259\\264\\346Hv\\333\\233\\323\\026/\\351bk\\037p;\\273\\330\\375:\\256v\\200/\\324\\260\\325\\367\\270J\\003''\\353\\245\\224$\\277\\351\\347\\276\\035\\340\\366j\\331\\332A\\276B\\307\\3446-\\257\\277\\350V\\216\\005\\327\\204\\244\\032OfCT\\332C\\373/\\357\\213_4\\321\\253\\361\\211"\\272\\024I\\332\\336\\363\\006''\\275r\\027G\\023+,\\331\\024\\374<L\\317\\373\\255/\\226q\\335\\363\\321\\205w\\212\\321\\345\\224\\020\\335pY\\353\\334&e0\\277%\\262\\345f8\\2579\\222\\333\\314d\\337\\214\\024\\26429MLv\\023S\\322\\021\\335\\323\\031-R3\\27344\\330\\326\\026)\\275\\265\\262\\275\\331/\\271\\261\\270\\356\\234\\263\\376\\231\\367\\203#(\\323\\3703\\256\\371\\277j\\015\\366M\\261{\\324\\241\\032}\\3040\\305f\\\\\\013(\\314\\361\\353\\246X\\372\\325\\300\\026e0[\\025\\224(\\203_(\\203[\\224\\001\\211*\\224\\371\\307{\\311\\225\\271u\\027\\376\\2547\\211\\307\\317\\322f\\003\\351\\302Fe|\\377\\355\\220\\237G\\231>rfh\\205\\004\\351\\212\\300\\310\\022\\377\\330\\315g\\250\\002\\333\\325\\241\\202\\266U\\344\\267\\006\\013\\325\\341\\234F\\317&Up\\275"\\3218\\316\\221/_\\032/n\\255\\327\\362N\\322\\026K\\357\\302\\015j\\374\\254\\013?\\275\\215\\033\\332qs\\017~\\254\\241 \\301\\347\\332\\177\\240\\233"S\\213y\\232D\\343\\200c\\306\\355\\243\\216\\222\\3643\\002K\\213\\013r\\365l\\226\\302[\\320\\340\\315U\\371\\010\\362\\033|[\\225\\276<\\025\\005\\011\\266\\246f\\021b\\2017\\253\\336[\\335\\356\\232w\\275\\2111\\021\\352h\\365/\\001\\350\\363,\\272g_/\\270\\234\\013\\256\\351\\177\\001'')\\366y\\026@\\374\\347P\\241\\324\\227!%\\367\\037\\006\\244~\\025\\210\\177\\001\\352ao\\012\\212j\\376\\020\\000\\000\\000\\000IEND\\256B`\\202', 24, 24);
INSERT INTO workflow_icon (id_icon, name, mime_type, file_value, width, height) VALUES (11, 'Reprogrammer (Signalement)', 'image/png', '\\211PNG\\015\\012\\032\\012\\000\\000\\000\\015IHDR\\000\\000\\000\\030\\000\\000\\000\\030\\010\\002\\000\\000\\000o\\025\\252\\257\\000\\000\\000\\011pHYs\\000\\000\\013\\022\\000\\000\\013\\022\\001\\322\\335~\\374\\000\\000\\005OIDATx\\332\\255UIl[e\\020~\\022\\264\\022\\022p@\\250\\342\\300\\276\\211\\003\\007\\332"\\025\\312\\245\\010!U\\342\\202*UjKUq\\001BK\\222&M\\232\\246j(\\251hI\\253\\264\\0105\\004H\\232\\305\\261\\343\\244vl\\307I\\275$\\216\\235\\305\\353\\213\\227x\\213w;~\\317\\361R\\357Y\\274\\276\\345\\347\\267\\223R\\013U\\234\\030\\215F\\363\\317\\033}\\372f\\336\\374\\363#\\364#!)\\250\\217\\205\\254j\\355\\361\\011>M\\023\\025S\\021\\004\\374O\\202@0\\210\\231\\331\\312s\\314\\241:.\\332"D\\233''\\321\\246I\\264A`h\\024\\030w\\374\\352\\321\\324<\\251\\203N\\243\\300\\320\\000\\343\\002\\230\\251o\\024ZzT\\276\\235j\\020\\262\\312\\315\\031\\212\\365i\\002\\001\\267\\030\\254\\263hl\\034\\340\\314u\\377\\022\\346W\\3218\\033\\340\\243e\\214\\353\\362\\231\\000\\316\\0008\\353a@\\341\\367\\243T\\220\\011\\302\\323\\245B\\366\\354\\204\\201$H\\010\\202@\\030H\\314\\021\\014\\017\\240\\230M\\367{\\022m\\212k\\333\\223\\272&\\255\\212\\241T\\261\\022\\350\\305\\244\\256%\\254\\353\\220*\\037\\244t\\015I]\\263Q\\375\\227B5\\021U7e\\315\\267J\\371d\\003\\017\\002\\021\\020d\\027\\310\\036\\014\\017k\\335#\\246\\207\\034[\\206mI\\337\\267e\\3725\\221>Mx\\314\\232\\032\\267f\\330\\346d\\317\\022\\316\\265W\\342\\003h\\264_\\035\\031\\263\\246\\305\\356L6O\\234\\2330\\221\\345\\022E\\203]\\240U,2\\240r)\\243\\205@\\0218\\267\\201\\277\\010f\\375\\031\\2517\\355\\312\\001o\\001\\3307\\310\\011K\\304_\\002\\236\\002X\\3006E\\216\\250}\\253\\024"@\\256L\\326\\363LD\\271\\\\\\313(2\\250v\\311\\261\\255\\325\\014iJ\\224l\\031R\\354J<p\\304\\315\\251\\2225C\\030\\343e\\276%\\345\\313\\003\\327\\0260\\304@\\237R\\377\\335\\320!c\\324M\\002\\360\\003o\\205\\370\\027\\243!\\215{\\322\\376p\\321\\237\\236\\363$\\347\\375)\\236)4a\\014)\\274I\\27176\\343Z\\357\\026\\263\\357\\314\\374qS|\\267[2P\\317l\\355\\344\\275\\313T\\235Xr\\217\\327qU\\024l\\366?\\214*\\245\\251\\235\\332H\\016\\317\\323\\236\\015j-G\\317\\373RrObm\\233\\260$B\\277\\312\\332{e\\247\\346\\235\\235"\\353Q\\361\\352\\221i\\333''\\313\\301F\\316\\362G\\227\\271{\\2329\\235\\200\\002\\024M\\324\\002\\2714\\341m<Gy\\262\\344\\3326\\245\\360&\\224\\201-k<\\330\\267\\330>\\206\\236\\233\\264\\036\\341\\333>`\\032\\237\\037\\322?\\3052\\356\\031[yeD\\277oH\\373\\352O\\374\\257i\\002\\220\\265@\\203j\\267\\324\\0257\\340\\031\\315ZJ\\207\\245\\245\\366\\270\\320\\204\\337\\221\\235\\0361\\356g\\257\\276vka\\357U\\361\\0137f\\366w\\317~\\336\\306\\375\\360\\252\\014\\351E_\\032\\321\\234\\256\\3470\\251\\3329Z\\2556[\\023\\312\\2066\\212\\236t\\336\\237\\315\\031C%\\266\\026\\355\\226\\037\\344c\\257\\0178\\367\\236e\\277xe\\342\\244\\314!qD\\362\\275\\222\\271o\\271\\310\\240\\376\\213h:^\\317wA>Tm\\217\\356\\251\\\\\\253\\251b\\021\\2004\\0016h\\032\\313\\202\\336\\331\\2616\\011\\322\\357E\\316\\213\\221\\376\\305.\\230\\266I\\027\\360,\\311\\325\\251\\333\\005\\007\\014\\370\\224+b=5"\\314l\\306\\010\\212|\\374\\373\\2074\\036\\241%\\274\\350\\014\\313la\\271}]j\\216\\015*\\224\\2279\\227:\\004\\227\\332\\306\\257\\015/\\314\\017.vI\\255\\036\\221)\\314\\3218\\004\\250\\255o\\356\\347\\373\\352\\213\\277I\\353D\\306\\036<\\346{\\\\\\332\\260\\326\\3033\\342\\263fLd\\302%&L\\200\\006\\005\\350\\232H\\217\\213\\215a\\271u\\363G\\316\\265/\\357\\354\\023\\352\\3152sZjJ\\314X"7\\004g,\\376?\\247\\265\\307\\306\\224\\027\\035\\201\\225Gw\\015\\213\\364+\\235\\330f\\011\\372tu-\\370bYw8\\015\\000U \\322\\032\\317p\\327\\324\\341\\016\\316\\307\\022\\363\\200\\320\\300g.1\\306\\264m\\034\\355q\\265\\363x\\027\\017a)\\332\\203\\241@\\005\\210\\2562\\202=2\\342\\231X&\\027JnG39\\2757\\252\\367&\\\\a\\377\\365\\251\\243=\\362\\003\\002\\363A\\221\\355\\004S\\367\\031C\\363)C{\\204\\215\\036fj\\337\\272)AZF\\017\\272\\203\\216b\\241\\370\\250Gk\\021\\346\\262oJ\\2776\\273\\354\\023\\241^\\011\\264:\\257\\024\\305\\370*u\\307\\304\\233}\\252\\347\\356\\241H\\277\\016\\341\\232\\021\\236\\025\\341Z\\020\\226\\011\\271-C\\276\\037x\\366,\\243\\243\\234\\207;\\223@\\310]F\\341\\333\\212\\325\\221\\225\\350\\274?-\\363\\246\\344\\376\\364\\244=*\\264\\305E\\216@\\373tg\\353\\364\\373wQ\\344\\227\\271\\247\\317\\260\\3368\\311x\\347\\344\\310\\333_1\\337\\353\\020]\\350\\323\\360O\\217\\316\\023\\245re\\261\\355\\224\\026O\\245\\371:{\\375\\360l\\353\\250\\274\\2055waT\\336Z\\321\\271\\252\\325_a\\015]\\021\\274|\\356>Rwo\\270\\211\\241>?\\254hb\\300y\\327\\265\\2615\\214E;]Y\\342\\020\\210\\242`i\\371\\\\.\\036\\016\\271\\315z\\217\\305\\340\\261\\030\\253\\266\\342T#\\313\\016\\223\\365\\372\\370\\261o\\206\\236\\231_d\\005l\\026\\030\\361X\\364\\360\\223\\333\\274\\034_\\017\\302\\271\\206\\353\\272\\262\\263!#h\\010\\222*\\226\\211\\022A\\326*\\214\\024J\\220;\\021\\300\\334\\013\\372\\251X"V&\\310B\\251\\274\\223\\011m\\271r\\363k^\\021\\372\\277ew$\\236\\234\\271\\023\\377\\033A\\372lE\\273ox\\234\\000\\000\\000\\000IEND\\256B`\\202', 24, 24);
INSERT INTO workflow_icon (id_icon, name, mime_type, file_value, width, height) VALUES (15, 'Commentaire (Signalement)', 'image/png', '\\211PNG\\015\\012\\032\\012\\000\\000\\000\\015IHDR\\000\\000\\000 \\000\\000\\000 \\010\\006\\000\\000\\000szz\\364\\000\\000\\000\\004gAMA\\000\\000\\331\\004\\334\\262\\332\\002\\000\\000\\006xIDATx\\234\\305\\226Ml\\023\\351\\031\\307\\377\\363e\\307\\304\\315\\207\\235\\217\\015d\\355\\270\\0164\\302\\213\\243\\004\\251!(@\\324"N\\0248\\001\\007J\\224\\003{\\330m\\303\\241j\\245H\\221\\270Q\\204\\240R7\\331j\\245*=\\200\\204*U\\212\\220\\340\\302\\012\\021@|\\344@L\\210l\\307\\336\\206uL$''1\\254\\211g<\\266\\3073\\363>=\\220D\\331\\254\\327v\\252~\\374\\245\\3674\\357\\274\\317\\357y\\336y\\376\\363\\000\\377g\\011\\225n\\334\\277\\177\\177\\367\\351\\323\\247O\\360<\\317\\313\\262\\234\\3274-\\367\\237\\000\\020+\\335x\\352\\324\\251\\301\\221\\221\\221\\337\\254\\256\\256\\342\\355\\333\\267\\311x<\\376M$\\022\\231\\231\\231\\231\\011\\004\\203\\301\\331H$\\362m:\\235~\\277]\\000\\256\\314s\\341\\352\\325\\253\\277w:\\235\\037wuu\\375\\312\\355v\\177l\\030\\006\\004A\\200$I\\020\\204\\017\\005\\314\\345rH&\\223\\313\\361x\\374\\237KKKQ\\306\\230V\\354l"\\202$I\\\\ \\020\\010\\215\\216\\216~Y\\011`\\303\\354\\354l\\202\\326T(\\024H7\\014\\312\\233&es9\\312f\\263\\224\\313\\345(\\237\\317S\\241P\\240J511\\021\\330\\310\\260\\014\\200\\343\\334\\271s\\277\\336\\265kW\\375\\267\\013\\013H\\3112\\344d\\022ln\\016\\222\\323\\011N\\222@\\214\\201\\210\\300\\030\\203\\256\\353e\\027\\307q0Ms\\207\\313\\345j\\015\\205B!\\276\\\\\\011x\\236GN\\323\\020\\235\\232\\202\\224Lb~d\\004z>\\017\\261\\272\\032 \\002\\307q\\333Z\\2141\\354\\334\\271\\263vhh\\350\\363\\306\\306\\306v\\276\\277\\277\\377\\310\\361\\343\\307\\177Y\\012\\202\\210P]W\\007s|\\034ZK\\013,}}\\000c\\225\\\\aQq\\034\\207p8\\374]$\\022Y\\026\\217\\036=:244t\\364\\306\\215\\033\\177I$\\022\\031Y\\226\\227\\307\\306\\306\\306\\000\\350\\353\\301\\253,\\026X\\032\\032\\260:0\\000\\207i\\302\\252\\353\\200 \\200\\343\\312}\\303\\305\\203[,\\026\\204\\303\\341\\230\\256\\353\\011\\361\\322\\245KWc\\261\\230\\347\\342\\305\\213\\237utt\\340\\376\\375\\373\\241\\346\\346\\346\\266\\361\\361\\361?-,,\\244\\031c\\020E\\021?\\357\\352\\002\\3438\\360\\037\\356\\020\\3144\\377\\355\\012\\000\\300\\354\\354\\354\\034\\000Y \\242\\345`0\\230\\252\\255\\255=\\260g\\317\\036\\373\\336\\275{\\035\\206a\\330\\232\\233\\233\\333\\210\\250\\252\\277\\277\\377\\027n\\267\\273^V\\024d3\\031\\350<\\017\\244\\323\\340%\\011\\020*\\366\\261\\015\\011\\202\\000UU166v+\\026\\213=\\021\\000\\350\\214\\261\\205\\247O\\237\\276N\\245R\\236\\266\\266\\266]\\275\\275\\275\\037\\325\\324\\324\\330\\337\\275{W\\267o\\337>\\237\\323\\351\\264=\\276\\177\\037\\206$a\\376\\213/P\\235N\\243\\306\\357\\007x\\036\\334ZY+]\\222$!\\221H\\320\\265k\\327F\\025E\\371f=\\205<\\021\\305^\\275z\\365*\\024\\012\\331\\235N\\347\\336\\236\\236\\236\\306\\356\\356nW>\\237\\267(\\271\\234$\\276\\177\\017\\367\\327_ce~\\036m\\303\\303\\260UU\\201\\030\\333v\\027\\210\\242\\210`0\\230\\032\\035\\035\\3753\\200\\344\\346\\032\\352\\000\\226\\026\\027\\027g\\236<y\\242X,\\026\\237\\317\\347\\253\\363x<\\222\\252(H\\250*\\322\\231\\014\\322\\237|\\202\\237\\372|\\260\\212\\025\\273\\370\\206\\210\\010\\242(\\342\\331\\263g\\261\\211\\211\\211\\257\\000d\\266^"\\003\\220R\\024%899\\031\\223e\\331\\333\\320\\320\\320\\344\\361x\\320\\350p\\240\\256\\263\\023?\\363\\373Q]U\\005"\\332V\\340\\315\\000/_\\276\\\\\\274}\\373\\366\\337\\000\\344\\213\\031\\021\\001X\\321u\\375\\357w\\357\\336\\375R\\226e<\\177\\376\\034\\005]\\207\\303n\\207E\\024\\301q\\034x\\236/[\\356\\255\\301\\327\\265\\271}K9a\\316\\357\\367K\\275\\275\\275\\360z\\275\\230\\236\\236F4\\032\\205\\256\\3530\\327ZP\\222\\244\\222Yo]\\254\\210y\\225\\274\\310\\256\\256.\\277 \\010\\360z\\275\\260\\331l\\230\\231\\231\\201\\252\\252\\260Z\\255\\230\\232\\232\\302\\211\\023''\\340r\\271`\\030\\006h\\315\\2267\\007\\334\\012SL\\245\\000D\\277\\337\\277o\\375\\340\\246\\246&\\034:t\\010\\223\\223\\223\\030\\034\\034\\204\\303\\341@(\\024\\302\\300\\300\\000\\016\\0348\\000\\306\\330\\0172,\\006R\\261l6[\\353\\364\\364\\364\\333T*EDD\\206a\\220a\\030\\244(\\012]\\276|\\231DQ\\244\\035;v\\320\\221#G\\350\\326\\255[DDd\\232&i\\232F\\232\\246Q>\\237\\247\\334\\332/[UURU\\2252\\231\\014\\021\\021\\335\\274y3\\000\\240\\256$@ggg\\377\\322\\322\\022K&\\223\\337\\0030M\\223\\210\\210\\356\\335\\273G\\273w\\357&\\000\\324\\332\\332JW\\256\\\\!UUI\\327u\\3224m#\\370:@&\\223!EQ\\210\\210\\350\\372\\365\\353\\317\\000\\324\\224\\0048{\\366\\354o\\263\\331,-//\\177\\017`3\\304\\2337ohpp\\220\\000\\220\\317\\347\\243L&C\\214\\261\\215\\354UU\\335\\330\\257i\\032\\231\\246I\\217\\037?\\326ZZZ\\376\\000\\300\\002\\224\\030H\\316\\237?\\377\\351\\301\\203\\007\\273s\\271\\034\\354v;\\000\\374\\240\\275\\352\\352\\352p\\362\\344I\\370|>\\324\\326\\326B\\222$477\\303j\\265\\2021\\006\\3030 \\212"\\014\\303\\000c\\014\\201@\\3008s\\346\\314W\\211D\\342\\257\\000J\\316\\217\\226\\207\\017\\037N\\233\\246\\271Q\\001\\3234\\213\\256\\315\\343\\332\\243G\\217\\350\\316\\235;\\024\\016\\207)\\237\\317S*\\225"EQ(\\225JQ8\\034\\246\\341\\341\\341Y\\000{\\260i^\\3741\\037p\\250\\252Z\\025\\217\\307\\313~\\266\\2141\\230\\246\\011\\236\\347q\\370\\360\\341\\215\\216 "\\350\\272\\216l6\\213\\271\\2719H\\222\\004\\3030\\002\\000\\346\\361\\301\\354J\\352''\\202 \\034kjj\\272\\374\\342\\305\\213\\325rC&c\\214L\\323$]\\327\\3110\\014""Z]]\\245h4J\\017\\036<\\240H$BDD\\307\\216\\035\\373\\335\\326@?\\346\\003\\031\\3234\\037$\\223\\311\\225B\\241\\360i9\\332\\315\\366k\\232&\\322\\3514^\\277~\\215t:\\215\\216\\216\\016\\264\\264\\264@\\226e\\026\\215F\\347*\\005 \\000\\006\\200\\225\\013\\027.\\374\\303n\\267\\267\\263b>\\272\\371 Q\\344\\353\\353\\353k\\334nwC{{{CgggM__\\037\\254V+\\000`qq\\361\\273x<>_)\\300\\272\\336\\207B\\241?\\342\\203i\\224\\2737\\036@\\025\\200Z\\236\\347?r\\271\\\\n\\257\\327\\353\\361\\371|\\236\\236\\236\\236\\266X,\\026\\001\\260\\262\\365\\245\\355O\\225\\345%\\000\\220\\000\\330\\000\\330\\001\\324\\003h\\002\\220\\0060\\013@\\373o\\003\\024\\323z\\267\\021*\\350\\200\\377\\251\\376\\005M\\021]<6\\302H \\000\\000\\000\\000IEND\\256B`\\202', 24, 24);
INSERT INTO workflow_icon (id_icon, name, mime_type, file_value, width, height) VALUES (8, 'A traiter (Signalement)', 'image/png', '\\211PNG\\015\\012\\032\\012\\000\\000\\000\\015IHDR\\000\\000\\0000\\000\\000\\0000\\010\\006\\000\\000\\000W\\002\\371\\207\\000\\000\\000\\004gAMA\\000\\000\\261\\217\\013\\374a\\005\\000\\000\\000\\001sRGB\\000\\256\\316\\034\\351\\000\\000\\000 cHRM\\000\\000z&\\000\\000\\200\\204\\000\\000\\372\\000\\000\\000\\200\\350\\000\\000u0\\000\\000\\352`\\000\\000:\\230\\000\\000\\027p\\234\\272Q<\\000\\000\\000\\006bKGD\\000\\377\\000\\377\\000\\377\\240\\275\\247\\223\\000\\000\\000\\011pHYs\\000\\000\\015\\327\\000\\000\\015\\327\\001B(\\233x\\000\\000\\000\\011vpAg\\000\\000\\0000\\000\\000\\0000\\000\\316\\356\\214W\\000\\000\\014mIDATh\\336\\355\\232wTTg\\036\\206\\257e\\321\\304\\232\\343&&\\0325\\026\\212&Q\\301\\032\\033\\026D\\004\\023\\243&FM\\326\\276\\306h\\326\\036\\013J\\023+\\322\\005\\301\\241\\010\\0108\\200(H\\021\\224\\336\\253\\005\\244\\027\\2252\\014e\\230\\0023\\224ax\\367\\373\\256\\221\\215''\\216\\232\\344$;\\177\\344\\236\\363\\234\\013\\337\\\\\\356\\357y\\277v\\3470\\3030\\177\\037*r\\304\\034\\036\\310\\240)\\234)v\\2313\\270\\302S\\177T\\305\\025\\003\\245\\224q\\026\\016/\\260\\237\\332\\247\\320AGu\\002<\\275j\\304<\\3666\\030!\\274\\375\\375\\015i\\374\\201*i\\2342\\016VIc\\367\\025\\010C\\377\\265\\247\\300\\376\\323~\\225\\356\\013T#@-w5S{m\\325\\322\\216\\344#\\035\\310\\261\\004\\262O\\276\\222\\316\\344\\303\\255\\202\\220o\\217\\334?\\243\\245V\\301Y\\240"\\001\\270\\253\\015:\\222\\016\\311\\221e\\012d\\276\\236\\316\\244\\203\\255\\202\\233\\353\\214\\313\\335\\026\\216\\256\\360X<\\352\\317\\246\\314u\\356\\260|\\353\\211\\275\\212\\034_2uk\\257\\255\\244\\030t$\\356\\223#\\3438\\220a\\374F\\310\\223\\016\\264I\\357\\376PM\\250\\372\\223\\251\\026GnK\\254\\366Y\\256Q}\\325\\360%\\001\\374?\\247\\030t\\304\\377G\\216\\364#@\\332\\3417\\204\\\\\\233\\376\\327\\320\\231\\260\\267\\263\\216\\273Z\\237\\360\\222\\000\\276\\206\\024\\203\\216\\270\\335r\\244\\376\\004\\244\\036R1~Bg\\334\\217\\362:\\377/\\226\\021~\\035\\240\\334^\\227)\\265\\3235\\020\\336\\334-\\227E\\035\\2054\\352\\210JA\\235\\250[\\031q\\244\\256=\\207 \\350\\313oD\\267\\2777\\026E\\357:V\\307\\375\\316\\207\\317\\335\\256h\\014\\336\\215\\306\\353*\\006q\\342s\\377\\255\\240\\216\\324Ut{\\2471q_\\3074\\373\\351\\326JB\\276\\226\\210C\\326H$!_\\311\\310\\317 g\\025\\205u\\223=s\\375ZB\\334yL\\243u?\\236\\300Z\\215\\360\\017\\236\\300\\266\\277@\\3500\\004\\252\\014ud]\\2113u''\\001\\324\\2366\\333\\366''\\362\\375x\\315vo\\013\\204\\216C\\241\\312PG\\326\\2258Sw\\246\\311\\346\\255\\362f\\373\\001D~\\000O\\3500X \\2728\\014\\252\\014u\\244\\256\\324\\231\\2723\\002\\333\\001\\005"\\207\\301u\\004\\236\\310q\\250@\\354\\374.T\\031\\352\\310\\272\\022g\\352\\316\\010\\354\\007e\\212.\\016\\255#\\360\\304N\\303\\004b\\227\\341Pi\\210#u\\245\\316\\304=\\213iv|\\347.i\\344\\023x\\022\\347w\\005\\022\\327\\017\\240\\322\\020G\\352J\\235\\251;#tz7Pr\\351\\275z\\002\\257\\305e\\270\\240\\345\\362H\\2504\\304\\221\\272Rg\\342\\036\\304\\210]>\\360jq\\375\\240\\276\\305\\365}^\\353\\345\\021\\202V\\267QPi\\210#u\\245\\316\\324\\235i\\341\\214\\346\\264r>\\344\\267rF\\362\\244\\234Q\\002\\251\\373G\\370#\\310XFCF\\212I)\\234gg\\372;\\333\\356>\\346\\017\\335\\237:RW\\352,!\\356L\\253\\307x''\\251\\373\\030>\\201G.\\020\\310<\\306\\341wC\\012\\2109\\343\\301w\\237\\205*\\237\\225x\\034\\270\\035\\245\\241\\307P\\026\\274\\007O}V\\243\\306m.\\004.\\023HO\\216!\\327\\217\\375]5\\250\\3433\\3271|\\352\\316\\310\\274\\264\\254\\311\\013u\\344\\206<\\231\\3478\\201\\314s\\002~\\013m,\\343 \\344h\\241\\302{\\015\\212\\3568\\2432?\\035\\274\\232j456A(\\222\\240\\271Y\\210\\306z>j\\312\\363Q\\226r\\015\\305\\276[Q\\3534\\211\\214\\314X\\264]\\371m\\365XG\\352J\\235\\2754m\\230\\366\\253\\237\\230\\266y\\251\\363\\310\\215\\010\\352\\2026/\\015\\274)\\355\\004z\\323\\247n\\272x\\030\\351\\204\\212\\262b4\\011\\204\\020K$hiiAkk+\\213T*\\205L&\\203\\254\\255\\015RY;\\032\\033\\033P\\234\\022\\214|\\027C4\\273\\214e\\357\\363\\306u\\251#u%\\316\\304\\335\\234\\351\\364\\327\\376\\261\\303gbm\\273\\267&\\217\\320\\334\\356\\255\\2057C\\023ROM\\024\\270}\\211{I\\341\\250\\251\\255\\203@\\320\\014\\241\\220\\004\\020\\213!\\371E\\010\\032\\340\\227\\3200\\255\\3226<)\\315C&g\\023\\352\\034\\307\\261\\367{\\303\\272\\315\\324\\225:\\023\\367\\275\\214<p\\326\\272N\\337OjH\\003m\\024\\266\\373L\\304\\353 \\327\\221\\336\\320\\302\\003\\227\\025\\310H\\212Fu\\015\\217\\364j#\\011 \\350\\011\\3203\\002\\322\\347# \\375U\\220V\\251\\014O\\037\\227!\\301q=\\370\\027\\307\\242\\343\\352\\2447\\251-\\244\\256\\324\\271+`\\346\\006\\246\\353\\372<#\\271\\377\\324*\\322@\\033\\205\\035W?\\306\\353\\350$\\205J\\235\\347 !\\314\\027\\225\\217\\237\\200\\317\\347\\367\\004\\020\\211Dl\\200\\206\\346\\006\\344Vf#\\247"\\223\\220\\205\\202\\252|\\210[\\304\\377\\223\\377yz\\265\\020\\212\\363\\262\\021wz\\001$n\\032\\350\\364}Mm\\342H]\\2513q_\\301(n.\\322\\357\\342N{L\\032x\\235~SD\\235\\276\\223\\361J\\374&C\\340\\366\\011\\302\\\\\\016\\340a^>jjj^\\010\\300\\216\\200H\\214\\307u\\225\\360K\\366\\206O\\242''|\\023\\257 $#\\030M\\315\\215DZ\\372B\\210\\0262\\325\\204\\344\\372\\370`\\027\\344\\234\\034Oj|\\372\\232\\372SD\\324\\225:\\023\\367eLw\\250\\376bE\\340\\314\\362.\\256\\016\\257\\353\\232\\266\\270\\323o*^\\205\\334o\\012\\262l\\027"\\362\\326u\\224\\227W\\274\\020\\240\\251\\251\\251''DEm9\\274\\022\\334\\340\\036\\347\\012\\217\\330\\313\\010J\\345\\242AP\\317N\\255\\347\\323\\213\\236\\351Z\\021\\213%(/-A\\260\\3712\\0108\\232 \\202J\\353SG\\352J\\235\\211\\373\\022\\246;\\314hAw\\320g%\\212\\200\\0314\\225X\\356\\257\\015e\\220?F\\213\\327\\024\\004YoEjZ:*++Q]]\\315\\006hhh\\350\\011\\321L\\026siU\\011.\\3078\\3019\\332\\001.\\321\\216\\360K\\364\\006\\277\\261\\216\\025~\\276\\300\\237\\007\\240\\323\\256\\201l\\271\\301\\227\\315q\\377\\314X(\\270:\\312\\035\\210#u\\245\\316\\304]\\227A\\304\\312\\031\\3357t\\363IC\\235"p\\226D\\316\\235\\016e(\\002\\246\\343\\211\\353Lx]\\264@\\356\\275\\373=\\001\\352\\352\\352\\300''\\373<\\245\\276\\241\\036\\215M\\215(zR\\010\\307(\\033\\330E\\234\\207}\\304\\005\\\\\\211uCm}-++\\022\\213zv*z\\246#Fw\\260\\230\\210`D\\233O\\301+\\035\\210#u\\355\\276\\261\\340\\021q\\237\\311 z\\335D\\204\\257\\310A\\250~\\235\\342\\346\\022IW\\360B(\\243;X\\027\\017\\034\\027\\341\\012\\307\\021\\017\\036<DEE\\005\\252\\253\\252Q\\362\\244\\010\\327\\263\\270\\010\\310\\360E`\\206?\\256gr\\341\\233\\342\\205\\363\\267,q.\\324\\022V!\\247\\340\\020n\\215\\233\\031A\\010\\317\\016ED\\366-B\\030\\022\\363\\342\\311s\\243\\361\\347\\000\\002\\244\\245$\\341\\326Y}t\\004\\316W\\352@\\035\\251+\\302V\\344\\022\\367\\217\\031\\304m\\033\\201;\\337%\\223_\\370\\212\\3105-]a+\\241\\014E\\370\\027H\\264_\\011\\017\\316%\\022\\340\\001Y\\003\\345\\250zZ\\205\\354\\222L\\230\\206\\034\\305\\321\\240\\3758\\026x\\000\\307\\002(\\007a\\034p\\010\\307\\271\\207p\\202{\\030\\246\\001Ga\\306=\\006\\213\\200\\0238\\025`\\2123\\201\\026\\340\\334\\276\\004^C-\\204\\344IM\\247^zZ\\032\\202\\255\\326\\2425\\330\\020]\\341J\\034\\210#u%\\316\\251\\210\\333>\\212A\\312\\336\\241H\\334}\\027\\011?\\324+b\\266\\265v\\335\\331\\004e(\\356l\\304m\\207\\015p\\271t\\021\\231\\231\\231(((@Yi\\031\\356\\336\\213\\302\\372\\253+\\261\\322C\\017\\237\\273-\\206\\241\\353B\\0308\\317\\307R\\3079Xb7\\033\\213mgC\\317v\\016\\226\\332\\314\\3052\\233\\005Xn\\263\\020+l\\226`\\247\\307\\026\\024V\\024\\200W\\313C\\025\\231\\212\\011\\011\\211\\010\\260\\336\\004q\\350:RK\\211\\003q$\\256|\\342\\034\\213\\224}\\3570H?6\\030\\351\\306\\221H?^\\257H>(\\355J\\330\\203\\256\\304\\275/E\\221\\270\\007\\261N\\337\\302\\321\\316\\012QQQHOO\\307\\203\\373\\017\\020\\234\\022\\210E\\227g`\\026y\\1773\\313q\\022f\\332\\023l''b\\272\\265\\026\\246[ia\\3329M\\350\\234\\321\\200\\316i\\015h[j`\\252\\271:&\\233\\214\\303\\362\\013\\272\\310\\316\\317DiI)\\362\\362\\362\\020\\021\\036\\206 \\333\\315h\\211\\336Ij\\275\\304\\201\\270QG\\352J\\234oSw\\006Y\\346\\203\\220{.\\024\\367.\\324+2O\\266u\\245\\233B\\031\\335\\031\\246\\310\\365\\334\\014\\273\\363\\026\\010\\011\\011Ejj*rss\\221v/\\225l\\225\\256p\\275{\\221\\205\\023\\343\\014\\313\\020\\023|f=\\271G~\\261\\365l\\330\\207_\\200[\\264\\0138\\321\\227\\300\\211r\\306\\265\\004_\\024\\225\\026\\241\\250\\250\\010\\367IG\\334\\270\\036\\200\\233v\\033\\321\\236l\\254\\324\\201:RW\\342|\\213\\2723\\31095\\000\\017\\354\\256\\343\\241CCW\\366\\331vy\\246%\\344\\231\\247^\\212"\\3534*\\202\\177\\204\\215\\305>\\\\\\343\\006 ))\\011YYYl\\357\\025\\026\\024\\242\\250\\260\\010\\305E\\305(+)CDz\\030\\346YOe{}\\252\\245:V\\330/F\\356\\243\\034<\\251|\\202\\307\\204''\\217)OQVV\\306N\\305\\254\\254lxs\\354\\021i\\273\\012\\362\\014e\\016\\226\\240\\216\\324\\2258\\337 \\356\\003\\231\\3068\\223\\376\\212\\\\+\\357\\256\\034+Q{\\232\\205\\274-\\305\\0142%\\264\\245\\232Cp\\347\\0208''7\\203\\303\\341 &&\\206\\235F\\367\\357\\337\\307\\243G\\217X\\221\\302\\302B\\224\\024\\227 ,-\\024s\\317Oe\\247\\314\\024\\363\\0110\\262]\\204\\354\\274,v\\347\\242\\320-\\230\\236\\213\\213\\213\\331\\016\\210''\\363\\337\\321l\\007\\262\\\\W\\241=\\315\\374\\345\\365\\011\\324\\221\\272\\022\\347\\253Mq\\246o\\321\\177\\217\\366I\\362\\330\\265\\277\\360\\372A^a\\320\\276\\226\\202\\300\\275\\255\\257\\2420pO\\213\\277\\345\\2326\\353\\263\\346\\270q\\363&RRR\\220\\235\\235\\215\\207\\017\\037\\276\\030 5\\024\\237\\235\\235\\362l\\276\\233\\216\\207\\341\\205\\205/\\004\\240\\224\\224\\224\\260\\301srr\\020\\310\\365\\303\\231\\355\\263\\345i\\256\\033Z\\013\\203\\366+\\257O\\034\\251k\\262\\347\\256\\003\\324\\235y{\\310{}\\264''O\\322\\321\\327\\235nFp]\\272`\\272;\\301C\\031z\\363\\247\\273\\257]:9\\310\\354?kDn\\034WD\\337\\271\\303\\216\\002\\225\\240=IC\\320\\000\\341\\251\\2670\\357\\214\\016t\\314\\265\\240m\\242\\201\\317\\255\\365z\\002\\320\\355\\227\\312\\323k\\351\\350\\335\\215\\211\\205\\255\\311\\316\\356-\\213\\206g.\\235?\\355U\\365\\335\\251#u\\245\\316\\003\\206\\274\\327\\227\\2315C\\207\\031\\257\\256\\371\\366\\330\\361\\352\\032\\343''h\\350NP\\3270$\\030)\\203\\\\f4QS\\335\\350\\247\\365:g\\316\\231\\355\\027\\373\\372\\372"..\\016\\031\\031\\031\\354\\202f\\327\\003\\031\\205\\234\\2079\\360\\271\\353\\011\\367\\250\\313,\\201\\361\\327PX\\\\\\210\\322\\322Rv\\321\\322\\236\\247\\362\\211\\211Ips\\262\\302\\221\\2574\\222\\226h\\217\\370f\\334\\004M\\243W\\3247\\244\\216\\254+q\\2361M\\233a\\264\\264\\264\\236\\323\\213\\320\\227\\240F\\350\\367*>\\0347Q\\315\\334\\220Q3\\371a\\371\\021\\253\\323&m~\\376\\376\\210\\215\\215\\355\\031\\011*\\226\\237\\237\\317.j:\\032%\\305\\245\\354\\231\\006\\243\\342t\\272\\321\\260\\361\\361\\011\\344\\251\\356\\004\\223\\2153\\013\\217.f\\2463\\303\\226\\367yMm\\265\\237\\035{=\\367\\376\\335\\207\\361\\206I\\314\\221\\325#\\336:\\276c\\231\\331y\\213\\303\\022/\\257+\\210\\214\\214Drr2\\373\\220\\243A\\356\\335\\273\\307\\206\\241Om\\012\\375\\231\\335v\\311\\033\\301\\310\\310\\333\\270\\354x\\016f\\233f\\345\\036\\325\\353=\\357\\213O\\2073\\021\\247{\\377\\265\\237lZ\\257\\037\\311\\270\\256VS3\\3312\\177\\313\\211\\203;J\\034\\354\\254\\273\\375\\311hDDD\\220i\\025\\317\\206\\241\\317\\212T\\362\\026!%%\\225\\355q\\372\\332U/7\\330\\234\\330\\321f\\266\\341\\343k''\\2272\\032\\373\\326\\016a\\\\\\347\\377\\237>\\236\\335\\256;\\210\\371~\\002\\323\\353\\033\\003\\035\\365]\\033WX\\230\\036\\332\\221gu\\332L\\346\\342\\354\\010Ow7\\370x{\\301\\307\\313\\003^\\356\\227p\\311\\366\\224\\342\\234\\361N\\376\\341\\315z\\201{\\364\\377\\271\\312T\\227\\031t|\\261\\212|\\322\\277\\344\\243>\\214\\321H\\246\\327&\\275\\321\\357o]3\\317`\\367\\346\\225\\007wo[{\\345\\320\\256\\365\\021\\307\\266\\033\\004\\236\\330\\274\\340\\334\\376\\257\\265\\267m\\\\\\364\\341T=\\255\\276\\375\\267\\316\\037\\250\\332\\337\\275\\200\\007\\303\\014\\352\\303\\364\\2365\\220\\351;\\2477\\323{\\014i\\033\\367\\367WR~}\\374\\027\\037\\002\\001%\\364\\303~6\\000\\000\\000%tEXtdate:create\\0002009-09-13T15:14:53+02:00\\244\\010\\344\\032\\000\\000\\000%tEXtdate:modify\\0002009-09-13T15:14:53+02:00\\325U\\\\\\246\\000\\000\\000\\000IEND\\256B`\\202', 24, 24);
INSERT INTO workflow_icon (id_icon, name, mime_type, file_value, width, height) VALUES (14, 'Service fait (Signalement)', 'image/jpeg', '\\377\\330\\377\\340\\000\\020JFIF\\000\\001\\001\\001\\000`\\000`\\000\\000\\377\\341\\000lExif\\000\\000MM\\000*\\000\\000\\000\\010\\000\\005\\0011\\000\\002\\000\\000\\000\\021\\000\\000\\000J\\003\\001\\000\\005\\000\\000\\000\\001\\000\\000\\000\\\\Q\\020\\000\\001\\000\\000\\000\\001\\001\\000\\000\\000Q\\021\\000\\004\\000\\000\\000\\001\\000\\000\\000\\000Q\\022\\000\\004\\000\\000\\000\\001\\000\\000\\000\\000\\000\\000\\000\\000Adobe ImageReady\\000\\000\\000\\001\\206\\240\\000\\000\\257\\310\\377\\333\\000C\\000\\002\\001\\001\\002\\001\\001\\002\\002\\002\\002\\002\\002\\002\\002\\003\\005\\003\\003\\003\\003\\003\\006\\004\\004\\003\\005\\007\\006\\007\\007\\007\\006\\007\\007\\010\\011\\013\\011\\010\\010\\012\\010\\007\\007\\012\\015\\012\\012\\013\\014\\014\\014\\014\\007\\011\\016\\017\\015\\014\\016\\013\\014\\014\\014\\377\\333\\000C\\001\\002\\002\\002\\003\\003\\003\\006\\003\\003\\006\\014\\010\\007\\010\\014\\014\\014\\014\\014\\014\\014\\014\\014\\014\\014\\014\\014\\014\\014\\014\\014\\014\\014\\014\\014\\014\\014\\014\\014\\014\\014\\014\\014\\014\\014\\014\\014\\014\\014\\014\\014\\014\\014\\014\\014\\014\\014\\014\\014\\014\\014\\014\\014\\014\\377\\300\\000\\021\\010\\000\\030\\000\\030\\003\\001"\\000\\002\\021\\001\\003\\021\\001\\377\\304\\000\\037\\000\\000\\001\\005\\001\\001\\001\\001\\001\\001\\000\\000\\000\\000\\000\\000\\000\\000\\001\\002\\003\\004\\005\\006\\007\\010\\011\\012\\013\\377\\304\\000\\265\\020\\000\\002\\001\\003\\003\\002\\004\\003\\005\\005\\004\\004\\000\\000\\001}\\001\\002\\003\\000\\004\\021\\005\\022!1A\\006\\023Qa\\007"q\\0242\\201\\221\\241\\010#B\\261\\301\\025R\\321\\360$3br\\202\\011\\012\\026\\027\\030\\031\\032%&''()*456789:CDEFGHIJSTUVWXYZcdefghijstuvwxyz\\203\\204\\205\\206\\207\\210\\211\\212\\222\\223\\224\\225\\226\\227\\230\\231\\232\\242\\243\\244\\245\\246\\247\\250\\251\\252\\262\\263\\264\\265\\266\\267\\270\\271\\272\\302\\303\\304\\305\\306\\307\\310\\311\\312\\322\\323\\324\\325\\326\\327\\330\\331\\332\\341\\342\\343\\344\\345\\346\\347\\350\\351\\352\\361\\362\\363\\364\\365\\366\\367\\370\\371\\372\\377\\304\\000\\037\\001\\000\\003\\001\\001\\001\\001\\001\\001\\001\\001\\001\\000\\000\\000\\000\\000\\000\\001\\002\\003\\004\\005\\006\\007\\010\\011\\012\\013\\377\\304\\000\\265\\021\\000\\002\\001\\002\\004\\004\\003\\004\\007\\005\\004\\004\\000\\001\\002w\\000\\001\\002\\003\\021\\004\\005!1\\006\\022AQ\\007aq\\023"2\\201\\010\\024B\\221\\241\\261\\301\\011#3R\\360\\025br\\321\\012\\026$4\\341%\\361\\027\\030\\031\\032&''()*56789:CDEFGHIJSTUVWXYZcdefghijstuvwxyz\\202\\203\\204\\205\\206\\207\\210\\211\\212\\222\\223\\224\\225\\226\\227\\230\\231\\232\\242\\243\\244\\245\\246\\247\\250\\251\\252\\262\\263\\264\\265\\266\\267\\270\\271\\272\\302\\303\\304\\305\\306\\307\\310\\311\\312\\322\\323\\324\\325\\326\\327\\330\\331\\332\\342\\343\\344\\345\\346\\347\\350\\351\\352\\362\\363\\364\\365\\366\\367\\370\\371\\372\\377\\332\\000\\014\\003\\001\\000\\002\\021\\003\\021\\000?\\000\\375\\374\\256O\\343\\247\\306-''\\366\\177\\370E\\257\\370\\307[r\\272~\\203jg1\\251\\375\\345\\324\\204\\204\\212\\010\\307\\361I,\\254\\221\\242\\200K<\\212\\000$\\327\\206\\177\\301K\\2762|J\\375\\233|5\\341\\217\\037\\3703U\\266\\203\\303z5\\313\\332k\\272}\\305\\244R\\333]Kp\\360\\245\\243\\334\\271S4v\\333\\367\\302Z\\002\\257\\034\\227P\\314\\302H\\241\\226''\\370g\\376\\012a\\377\\000\\005O\\326>;\\374\\032\\320\\237\\302\\376\\027\\361\\017\\206\\257\\026x,\\364M+X\\266\\362e\\325\\274Oq\\230"\\222"?\\327[Y\\031C$\\310|\\271&\\227z\\222mr;p\\330\\031\\325\\264\\276\\316\\267}\\255\\253\\277\\313U\\334\\343\\304c!J\\361\\373ZYw\\276\\213\\361>\\263\\377\\000\\202[\\376\\326\\277\\022\\377\\000j\\277\\212\\237\\024_\\3047I\\251x/\\302\\327i\\246\\333]\\262[\\015\\232\\247\\336\\273\\265\\2670\\305\\021{krD\\001\\244\\337!\\222)\\2671\\371@+\\332\\177\\340\\236\\277\\262\\305\\207\\354g\\373 \\370''\\300\\026`\\274\\332N\\236\\215\\177p\\337\\353/.\\334o\\232g=\\331\\344,\\304\\372\\232+\\232\\254\\243)\\267\\025e\\330\\351\\245\\031F\\011I\\335\\236\\251\\343\\237\\004\\351_\\022\\274\\027\\253xw]\\261\\267\\324\\364]v\\316]>\\376\\316u\\335\\025\\324\\022\\241I#a\\335YX\\202=\\353\\3633\\366t\\377\\000\\202\\020\\370\\307\\341\\357\\374\\024\\023B\\361o\\214|S\\244x\\233\\341O\\303\\231$\\277\\360\\264m$\\255\\253j\\027L\\245"{\\345e\\021\\357\\2062\\313\\275\\031\\204\\256\\306M\\261\\360\\200\\242\\252\\236"\\244!*pvR\\335w&\\245\\012s\\224g5w\\035\\274\\217\\324\\2000(\\242\\212\\304\\324\\377\\331', 24, 24);
INSERT INTO workflow_icon (id_icon, name, mime_type, file_value, width, height) VALUES (16, 'A requalifier', 'image/png', '\\211PNG\\015\\012\\032\\012\\000\\000\\000\\015IHDR\\000\\000\\000 \\000\\000\\000 \\010\\006\\000\\000\\000szz\\364\\000\\000\\000\\004gAMA\\000\\000\\261\\216|\\373Q\\223\\000\\000\\001\\203iCCPicc\\000\\000x\\332\\255\\222MK\\002Q\\024\\206\\337\\231\\0207V\\033\\211\\226\\003Y\\264\\260\\030\\224 \\251\\215\\271\\010Ab\\022\\027\\026-\\322q\\034\\015\\323a\\234,\\241\\237\\320BhSm\\372\\372\\003-\\372X\\005\\266\\216\\334\\010B\\037\\004A? \\220\\332\\204L\\347\\316-\\\\Y\\233^\\270\\314s_f\\316\\271\\357\\231\\013\\210\\347)\\303(\\210\\000\\326\\213\\226\\031\\237\\237\\223\\222K\\313\\222\\373\\036n\\270\\340(\\245\\226\\215\\260\\242\\304\\320S\\037-\\010\\354\\331\\234`\\265.\\036\\0374\\251\\032}_h\\254\\306n^\\223/\\370]\\036\\223\\032\\002\\202\\227\\330\\253s\\036g\\234\\346<\\313x\\3232,b\\205\\261\\232Ke\\210i\\301o&\\342\\021\\342\\032\\361\\200\\316\\371\\210q\\232\\363\\031\\343\\212\\252\\263o\\353\\304r1\\223/\\022\\277\\021Og\\264\\262\\012\\210\\254\\227\\256\\032&\\275#\\262:>\\226\\237\\037\\255D\\265B#@\\337N\\327K\\357\\001W\\327\\300\\360m\\327\\363\\035\\002\\2033\\300e\\243\\353\\265\\027\\235\\231\\010C\\315r6\\030p,\\301Cgr=\\333v{\\024p\\357\\002\\235\\232m\\177\\036\\333v\\347\\204z<\\001\\3655u\\303\\254|\\317E\\020\\203\\300_{\\236\\215\\357\\371?p\\010\\275\\230\\347w$\\003\\247- \\261\\015\\304\\356\\200\\375\\003`,K9V\\000\\305C~\\010bp\\352g\\361Y9\\352/\\263K\\242\\230\\245l\\276\\240\\341\\237ei[N\\236H\\311\\250\\232y=gIa\\272Q\\232_\\212\\026\\325I\\277\\024\\220\\345\\020\\276\\000\\227rrT:A\\231M\\000\\000\\000\\006bKGD\\000\\377\\000\\377\\000\\377\\240\\275\\247\\223\\000\\000\\000\\011pHYs\\000\\000\\013\\023\\000\\000\\013\\023\\001\\000\\232\\234\\030\\000\\000\\000\\011vpAg\\000\\000\\000 \\000\\000\\000 \\000\\207\\372\\234\\235\\000\\000\\006^IDATX\\303\\355\\226yPSG\\030\\300\\027\\305\\016\\243\\326V\\255\\027\\265\\245v\\264*GnH"*(\\210(E\\001\\245\\036(\\010\\204\\333\\003\\012^$\\025\\025\\010VET\\216\\000A\\021\\001\\345\\326p\\250 \\032n%\\210\\004\\305kTD\\005\\241\\202x\\322\\026\\205|\\335\\027\\003\\003\\022(\\266\\375\\2473~3\\277\\331\\367\\276\\375\\256\\367\\355\\276\\235E\\350\\223|\\222\\377\\213\\214a\\256A*\\023g\\253\\320\\267\\034\\231`\\022~\\316piB)\\307*Y\\262\\3352Y\\342k\\236P\\346\\272@\\220g\\302\\344\\305O\\036\\313\\266\\033\\252a\\311\\373\\357\\022O^\\354\\211\\320gd\\025\\203_\\323u~J\\273\\262g]am\\265cE\\323k\\307\\252\\026\\231cu+8H[\\301\\276\\352\\231\\314N\\322\\364\\373j\\361\\203\\333\\026iW\\303\\015\\202\\263X\\352\\363=Ug\\330\\356\\375w\\311\\231;N\\240\\031N\\207FZ\\304\\227x\\331\\027\\327\\325q\\252\\236\\201\\235\\3649\\254\\271\\372\\034l\\256\\266\\202M\\245\\002\\374L\\350\\326V=\\007\\333\\312\\026XYP\\367\\333\\342\\204K\\2014o\\3418\\243\\310"\\034i\\364\\307''\\327\\367OA\\024\\257\\350q\\326iW\\204\\016\\345\\215\\3556\\025-\\260\\342r\\363\\240XU\\336\\002\\253J\\033;\\315S\\253N\\353\\361\\022\\2763\\211)Fh\\244\\336\\340\\223\\323\\274\\217\\240iv\\373G\\3425\\216\\266+{"\\263.n\\202e\\205\\215\\260\\274\\250Q>Z\\026`\\304\\015`%\\256\\227\\217\\026\\342''`\\245\\230\\357\\262Y^\\324\\004\\326\\205O\\300,\\2512\\223\\346\\0353\\221\\275;up\\311\\247\\257\\362\\227\\217\\246B\\261\\347\\352\\213\\017\\333-\\363\\353ai\\336\\343n\\254\\363\\352\\200w\\271\\036\\022o7\\303\\231\\007\\255 \\272\\377\\014\\302\\252\\233\\300\\341b\\035,\\311}\\324\\313\\326\\342\\374c\\260\\314\\255\\223\\031\\013\\213\\202\\307Pm\\206i;\\207\\014\\242\\365A\\247\\020\\313\\357\\244\\266\\225\\350F\\355\\2223u`\\226Y\\373\\236\\254Z0\\025\\335\\207\\200\\262G\\320\\366\\266\\003z\\212L\\006p\\347Y\\033x\\344\\327\\302"lC\\330v\\371\\375\\230\\375\\000\\314\\322n\\264\\316\\342g\\030\\315\\023\\024\\240\\257g\\333\\367\\237\\\\k]\\020\\302\\361\\320\\202(1\\337\\\\t\\007LRn\\303\\302\\036\\030%\\335\\204\\003\\227\\036B\\373\\273N\\270\\327\\362\\006*\\033^@s[{w!g\\3576\\203i\\362\\215^>\\004\\213\\322n\\303\\374\\310\\242D\\365YN\\237\\221\\\\\\016\\366_\\000\\3053\\032\\351x\\204\\217_\\030W^\\265 \\361:\\314\\217\\253\\006\\243\\036\\030\\306J\\301''\\347\\026\\360/\\336\\003\\213D)\\230\\034\\253\\002n\\356\\035hk\\177\\337\\221\\232\\306\\227`\\026/\\355\\343gt\\374\\032\\030\\035\\221\\3243\\266\\035\\237\\311\\330\\2360\\300o\\267+\\0151w&\\3171\\216\\225\\2742\\210\\252\\000\\203HI\\037\\346\\011\\312aND9\\314\\025H@?B\\002\\216\\311Rx\\361\\307[y\\001\\245\\265-`\\034\\205\\347"?\\364\\255\\200yBI\\007;\\340\\324\\3529\\007/\\364_\\200A\\230\\030\\261\\003O\\331\\033\\012\\312d\\372!%\\240\\037R\\374\\001%\\335\\314:P\\014\\213\\302K\\341lM\\243<9\\261,\\201go\\002;\\270\\010\\224\\371\\316\\015+\\205YAY\\273\\255\\012_"M\\373=}\\223Op\\345"\\334&\\304\\0128\\265yvH\\001\\260\\202\\3621\\027\\224\\302\\344\\347\\203\\311\\0011\\234\\275\\326\\2007\\240\\014\\336u\\312 \\251\\374\\001\\030\\356\\305sJ\\375\\362A?X\\014\\354\\240\\254\\010b\\217is\\224\\234\\220c\\235\\\\\\221aD\\031\\322\\333\\231\\272\\205\\275''\\017tw\\236\\001\\275]\\312a\\370\\345\\300\\276\\234\\353\\320\\211\\223\\277\\355\\350\\204\\270\\342\\273`\\300?\\007\\214~|\\210X\\354\\240<`\\005\\212\\004D\\001Z\\234}\\312\\227\\200\\035\\230\\205t\\271''9,\\377\\034\\031\\203''\\202\\376`\\357\\310\\204\\0135\\365\\362\\326W\\334{\\012\\206\\3769@\\347\\212@\\227\\227\\251\\334\\007\\317\\261\\002\\316\\000\\336c\\001\\026\\347[\\220&gO?''\\240O\\034>\\005c\\3471\\375N\\277alK\\007\\372V\\345\\260\\270\\031p\\364\\342M\\250\\270\\333\\004!YR\\030\\310\\266\\013\\266\\177v\\247.\\367\\204-\\333_\\204\\276\\365\\362P^\\000\\331=\\014\\221\\334B\\325u}Sj\\350[R\\200\\346\\235\\004t\\237\\336t\\351\\314\\002D\\340\\024\\221\\017\\213\\375Er\\035\\315\\247\\257m\\267=\\216\\205\\0237R=cH\\324M\\302\\001\\016"\\316~bP\\241\\373\\034\\017al>\\0114\\317xLB/(\\233\\342\\301tg:\\224\\336j\\200\\327\\370\\367+\\271\\331\\000\\013\\375\\322\\345\\372\\017m\\011\\2508\\206\\336\\366T`\\355HK\\237\\272\\214\\247\\246\\355|p\\340\\243\\230\\262!\\032Q\\326\\013\\350t\\357\\370z\\352\\3068\\240\\256\\217\\355\\005\\311\\343(\\330\\005g\\303+\\305\\011\\370\\262\\355OX\\273?[\\256\\377\\320\\226\\200\\206c\\260wd\\274\\242{\\307\\2323y)H\\323\\201?p\\001D\\027\\324Mm\\207P7\\010\\177\\241m<\\326Aq\\213\\001\\212\\233\\260\\033\\262\\253\\020f{\\305\\301\\321sR\\250\\251{\\012\\261\\271R\\371;\\241\\357i\\327\\205\\336\\326d`\\372&EO[\\301U\\323~\\337\\341\\277\\027\\222\\313a\\244\\343\\0242\\232\\272^\\230Du\\217\\001\\262sdo\\234\\004@w\\215\\2029\\236G\\201\\356\\026-\\177\\357m#\\220\\243\\373s\\002\\260|S\\304$\\327P\\015\\352\\372\\250\\301\\337\\007&\\031/G\\024w\\001"\\271\\036\\236Lu\\217J\\245\\272Fu\\2209\\341@r\\014\\353\\205\\216CX\\037\\035\\011\\353\\310\\234\\010\\320\\365\\212\\007\\346\\266\\244\\002\\212\\207@\\213\\2715\\021M]\\356\\373\\321\\227\\242!\\304\\206\\234\\276\\2127\\236\\354\\034\\312\\247\\272D6Sp`\\222}(\\220\\326\\035R\\012\\331!\\024hx)\\364\\274\\022^1\\274\\216Ek\\332\\006L!b(b}\\224\\014\\305\\214"\\232\\201\\371Fu\\304\\250\\3575\\214\\355Wj\\255\\341g\\220\\035C\\033)N\\021\\357\\210b(\\216\\030<Rq\\333q\\342N\\232\\273\\260\\231\\354|8w\\352\\222\\215Njc&\\375@\\370*b\\214R\\304\\374\\250\\257\\037\\216\\031\\207\\321 .J\\304\\376TU\\033\\301\\370J\\307\\320b\\212\\251\\313\\226\\351\\326\\334p-\\233\\300\\023Zk\\371''g\\256\\364\\213\\234j\\276\\221;\\201nj=l\\344\\227\\304\\345OS\\341\\243\\241\\2101\\374\\237t\\241\\253\\020U\\214\\032f\\204\\342K\\276P@\\\\u\\307*\\030\\335C\\377\\271\\302VM\\341;\\004}\\222\\001\\344/t\\202\\356{\\331\\007\\032m\\000\\000\\000%tEXtdate:create\\0002009-09-13T15:45:24+02:00\\365\\377\\024\\361\\000\\000\\000%tEXtdate:modify\\0002009-09-13T15:45:24+02:00\\204\\242\\254M\\000\\000\\000\\000IEND\\256B`\\202', 24, 24);


--
-- Data for Name: workflow_state; Type: TABLE DATA; Schema: public; Owner: ramen_dev
--
INSERT INTO workflow_state (id_state, name, description, id_workflow, is_initial_state, is_required_workgroup_assigned, id_icon) VALUES (7, 'Nouveau', 'Nouveau signalement à analyser', 2, 0, 0, NULL);
INSERT INTO workflow_state (id_state, name, description, id_workflow, is_initial_state, is_required_workgroup_assigned, id_icon) VALUES (8, 'A traiter', 'Signalement analysé comme nécessitant un traitement', 2, 0, 0, NULL);
INSERT INTO workflow_state (id_state, name, description, id_workflow, is_initial_state, is_required_workgroup_assigned, id_icon) VALUES (9, 'Service programmé', 'Signalement dont le traitement est programmé', 2, 0, 0, NULL);
INSERT INTO workflow_state (id_state, name, description, id_workflow, is_initial_state, is_required_workgroup_assigned, id_icon) VALUES (10, 'Service fait', 'Signalement traité', 2, 0, 0, NULL);
INSERT INTO workflow_state (id_state, name, description, id_workflow, is_initial_state, is_required_workgroup_assigned, id_icon) VALUES (11, 'Rejeté', 'Signalement rejeté', 2, 0, 0, NULL);
INSERT INTO workflow_state (id_state, name, description, id_workflow, is_initial_state, is_required_workgroup_assigned, id_icon) VALUES (12, 'Archivé', 'Signalement archivé', 2, 0, 0, NULL);
INSERT INTO workflow_state (id_state, name, description, id_workflow, is_initial_state, is_required_workgroup_assigned, id_icon) VALUES (13, 'Etat initial', 'Etat fictif pour l''initalisation du workflow', 2, 1, 0, NULL);
INSERT INTO workflow_state (id_state, name, description, id_workflow, is_initial_state, is_required_workgroup_assigned, id_icon) VALUES (15, 'A requalifier', 'Signalement à requalifier', 2, 0, 0, NULL);


--
-- Data for Name: workflow_action; Type: TABLE DATA; Schema: public; Owner: ramen_dev
--


INSERT INTO workflow_action (id_action, name, description, id_workflow, id_state_before, id_state_after, id_icon, is_automatic, is_mass_action) VALUES (13, 'A traiter', 'Le signalement devra être traité', 2, 7, 8, 8, 0, 0);
INSERT INTO workflow_action (id_action, name, description, id_workflow, id_state_before, id_state_after, id_icon, is_automatic, is_mass_action) VALUES (17, 'Programmer', 'Programme le traitement du signalement', 2, 8, 9, 9, 0, 0);
INSERT INTO workflow_action (id_action, name, description, id_workflow, id_state_before, id_state_after, id_icon, is_automatic, is_mass_action) VALUES (40, 'Programmer', 'Programme le traitement du signalement', 2, 7, 9, 9, 0, 0);
INSERT INTO workflow_action (id_action, name, description, id_workflow, id_state_before, id_state_after, id_icon, is_automatic, is_mass_action) VALUES (28, 'Création', 'Création d''un signalement', 2, 13, 8, 9, 0, 0);
INSERT INTO workflow_action (id_action, name, description, id_workflow, id_state_before, id_state_after, id_icon, is_automatic, is_mass_action) VALUES (27, 'Création', 'Création d''un signalement', 2, 13, 7, 9, 1, 0);
INSERT INTO workflow_action (id_action, name, description, id_workflow, id_state_before, id_state_after, id_icon, is_automatic, is_mass_action) VALUES (29, 'Reprogrammer', 'Reprogramme le traitement du signalement', 2, 9, 9, 11, 0, 0);
INSERT INTO workflow_action (id_action, name, description, id_workflow, id_state_before, id_state_after, id_icon, is_automatic, is_mass_action) VALUES (14, 'Requalifier', 'Requalifie le signalement', 2, 7, 7, 12, 0, 0);
INSERT INTO workflow_action (id_action, name, description, id_workflow, id_state_before, id_state_after, id_icon, is_automatic, is_mass_action) VALUES (19, 'Requalifier', 'Requalifie le signalement', 2, 8, 8, 12, 0, 0);
INSERT INTO workflow_action (id_action, name, description, id_workflow, id_state_before, id_state_after, id_icon, is_automatic, is_mass_action) VALUES (23, 'Requalifier', 'Requalifie le signalement', 2, 9, 8, 12, 0, 0);
INSERT INTO workflow_action (id_action, name, description, id_workflow, id_state_before, id_state_after, id_icon, is_automatic, is_mass_action) VALUES (18, 'Déclarer un service fait', 'Déclare le service fait sur le signalement', 2, 8, 10, 14, 0, 0);
INSERT INTO workflow_action (id_action, name, description, id_workflow, id_state_before, id_state_after, id_icon, is_automatic, is_mass_action) VALUES (41, 'Déclarer un service fait', 'Déclare le service fait sur le signalement', 2, 7, 10, 14, 0, 0);
INSERT INTO workflow_action (id_action, name, description, id_workflow, id_state_before, id_state_after, id_icon, is_automatic, is_mass_action) VALUES (22, 'Déclarer un service fait', 'Déclare le service fait sur le signalement', 2, 9, 10, 14, 0, 0);
INSERT INTO workflow_action (id_action, name, description, id_workflow, id_state_before, id_state_after, id_icon, is_automatic, is_mass_action) VALUES (16, 'Rejeter', 'Rejette le signalement', 2, 7, 11, 13, 0, 0);
INSERT INTO workflow_action (id_action, name, description, id_workflow, id_state_before, id_state_after, id_icon, is_automatic, is_mass_action) VALUES (21, 'Rejeter', 'Rejette le signalement', 2, 8, 11, 13, 0, 0);
INSERT INTO workflow_action( id_action, name, description, id_workflow, id_state_before, id_state_after, id_icon, is_automatic, is_mass_action) VALUES (38, 'archivage signalement rejectés', 'archivage signalement rejectés', 2, 11,  12, null, 0, 0);
INSERT INTO workflow_action( id_action, name, description, id_workflow, id_state_before, id_state_after, id_icon, is_automatic, is_mass_action) VALUES (39, 'archivage signalement service fait', 'archivage signalement service fait', 2, 10, 12, null, 0, 0);
INSERT INTO workflow_action (id_action, name, description, id_workflow, id_state_before, id_state_after, id_icon, is_automatic, is_mass_action) VALUES (42, 'A requalifier', 'Signalement à requalifier', 2, 7, 15, 16, 0, 0);
INSERT INTO workflow_action (id_action, name, description, id_workflow, id_state_before, id_state_after, id_icon, is_automatic, is_mass_action) VALUES (43, 'A requalifier', 'Signalement à requalifier', 2, 8, 15, 16, 0, 0);
INSERT INTO workflow_action (id_action, name, description, id_workflow, id_state_before, id_state_after, id_icon, is_automatic, is_mass_action) VALUES (44, 'A requalifier', 'Signalement à requalifier', 2, 9, 15, 16, 0, 0);
INSERT INTO workflow_action (id_action, name, description, id_workflow, id_state_before, id_state_after, id_icon, is_automatic, is_mass_action) VALUES (45, 'Requalifier', 'Requalifie le signalement', 2, 15, 8, 12, 0, 0);



--
-- Data for Name: workflow_task; Type: TABLE DATA; Schema: public; Owner: ramen_dev
--

INSERT INTO workflow_task (id_task, task_type_key, id_action) VALUES (13, 'taskSignalementCreation', 27);
INSERT INTO workflow_task (id_task, task_type_key, id_action) VALUES (14, 'taskSignalementRejet', 21);
INSERT INTO workflow_task (id_task, task_type_key, id_action) VALUES (16, 'taskSignalementRequalification', 14);
INSERT INTO workflow_task (id_task, task_type_key, id_action) VALUES (18, 'taskSignalementCreation', 13);
INSERT INTO workflow_task (id_task, task_type_key, id_action) VALUES (19, 'taskSignalementRejet', 16);
INSERT INTO workflow_task (id_task, task_type_key, id_action) VALUES (20, 'taskSignalementProgrammation', 17);
INSERT INTO workflow_task (id_task, task_type_key, id_action) VALUES (42, 'taskSignalementProgrammation', 40);
INSERT INTO workflow_task (id_task, task_type_key, id_action) VALUES (21, 'taskSignalementServiceFait', 18);
INSERT INTO workflow_task (id_task, task_type_key, id_action) VALUES (43, 'taskSignalementServiceFait', 41);
INSERT INTO workflow_task (id_task, task_type_key, id_action) VALUES (22, 'taskSignalementRequalification', 19);
INSERT INTO workflow_task (id_task, task_type_key, id_action) VALUES (24, 'taskSignalementServiceFait', 22);
INSERT INTO workflow_task (id_task, task_type_key, id_action) VALUES (25, 'taskSignalementRequalification', 23);
INSERT INTO workflow_task (id_task, task_type_key, id_action) VALUES (27, 'taskSignalementCreation', 28);
INSERT INTO workflow_task (id_task, task_type_key, id_action) VALUES (28, 'taskSignalementReprogrammation', 29);
INSERT INTO workflow_task (id_task, task_type_key, id_action) VALUES (35, 'taskSignalementNotification', 27);
INSERT INTO workflow_task (id_task, task_type_key, id_action) VALUES (36, 'taskTypeComment', 14);
INSERT INTO workflow_task (id_task, task_type_key, id_action) VALUES (37, 'taskTypeComment', 19);
INSERT INTO workflow_task (id_task, task_type_key, id_action) VALUES (38, 'taskTypeComment', 23);
INSERT INTO workflow_task (id_task, task_type_key, id_action) VALUES (39, 'taskTypeComment', 16);
INSERT INTO workflow_task (id_task, task_type_key, id_action) VALUES (40, 'taskTypeComment', 21);
INSERT INTO workflow_task (id_task, task_type_key, id_action) VALUES (44, 'taskTypeComment', 17);
INSERT INTO workflow_task (id_task, task_type_key, id_action) VALUES (45, 'taskTypeComment', 40);
INSERT INTO workflow_task (id_task, task_type_key, id_action) VALUES (46, 'taskTypeComment', 29);
INSERT INTO workflow_task (id_task, task_type_key, id_action) VALUES (47, 'taskSignalementRequalification', 45);
INSERT INTO workflow_task (id_task, task_type_key, id_action) VALUES (48, 'taskTypeComment', 45);
INSERT INTO workflow_task (id_task, task_type_key, id_action) VALUES (76, 'taskSignalementUserNotification', 27);
INSERT INTO workflow_task (id_task, task_type_key, id_action) VALUES (77, 'taskSignalementUserNotification', 28);

INSERT INTO workflow_task_comment_config (id_task, title, is_mandatory) VALUES (48, 'Commentaire de requalification', 0);
INSERT INTO workflow_task_comment_config (id_task, title, is_mandatory) VALUES (36, 'Commentaire de requalification', 0);
INSERT INTO workflow_task_comment_config (id_task, title, is_mandatory) VALUES (37, 'Commentaire de requalification', 0);
INSERT INTO workflow_task_comment_config (id_task, title, is_mandatory) VALUES (38, 'Commentaire de requalification', 0);
INSERT INTO workflow_task_comment_config (id_task, title, is_mandatory) VALUES (39, 'Commentaire de rejet', 0);
INSERT INTO workflow_task_comment_config (id_task, title, is_mandatory) VALUES (40, 'Commentaire de rejet', 0);
INSERT INTO workflow_task_comment_config (id_task, title, is_mandatory) VALUES (44, 'Commentaire de programmation', 0);
INSERT INTO workflow_task_comment_config (id_task, title, is_mandatory) VALUES (45, 'Commentaire de programmation', 0);
INSERT INTO workflow_task_comment_config (id_task, title, is_mandatory) VALUES (46, 'Commentaire de reprogrammation', 0);

-- Add the task notification (3contents) to programmer, reprogrammer, service fait and rejeter actions
-- programmer
INSERT INTO workflow_task VALUES (80,'taskSignalementUserNotification3Contents',17);
INSERT INTO workflow_task VALUES (81,'taskSignalementUserNotification3Contents',46);
INSERT INTO workflow_task VALUES (82,'taskSignalementUserNotification3Contents',52);
INSERT INTO workflow_task VALUES (83,'taskSignalementUserNotification3Contents',40);
-- reprogrammer
INSERT INTO workflow_task VALUES (84,'taskSignalementUserNotification3Contents',29);
-- service fait
INSERT INTO workflow_task VALUES (85,'taskSignalementUserNotification3Contents',18);
INSERT INTO workflow_task VALUES (86,'taskSignalementUserNotification3Contents',22);
INSERT INTO workflow_task VALUES (87,'taskSignalementUserNotification3Contents',41);
INSERT INTO workflow_task VALUES (88,'taskSignalementUserNotification3Contents',49);
INSERT INTO workflow_task VALUES (89,'taskSignalementUserNotification3Contents',53);
-- rejeter
INSERT INTO workflow_task VALUES (90,'taskSignalementUserNotification3Contents',16);
INSERT INTO workflow_task VALUES (91,'taskSignalementUserNotification3Contents',21);

-- init the messages
-- programmer
INSERT INTO signalement_workflow_notifuser_3contents_config VALUES(80,'Signalement d''un incident','Mairie de Paris','<p>Votre message a été pris en compte.<br />Les services municipaux vont mettre en oeuvre d''ici le [Date de traitement prévue] les actions appropriées.<br />Merci de l''intérêt que vous portez à l''espace public parisien.</p><p>La Ville de Paris<br />Les services de la Mairie en charge de l''espace public</p>','<p>Votre message a été pris en compte.<br />Les services municipaux vont mettre en oeuvre d''ici le [Date de traitement prévue] les actions appropriées.<br />Merci de l''intérêt que vous portez à l''espace public parisien.</p><p>La Ville de Paris<br />Les services de la Mairie en charge de l''espace public</p>','<p>Votre message a été pris en compte.<br />Les services municipaux vont mettre en oeuvre d''ici le [Date de traitement prévue] les actions appropriées.<br />Merci de l''intérêt que vous portez à l''espace public parisien.</p><p>La Ville de Paris<br />Les services de la Mairie en charge de l''espace public</p>');
INSERT INTO signalement_workflow_notifuser_3contents_config VALUES(81,'Signalement d''un incident','Mairie de Paris','<p>Votre message a été pris en compte.<br />Les services municipaux vont mettre en oeuvre d''ici le [Date de traitement prévue] les actions appropriées.<br />Merci de l''intérêt que vous portez à l''espace public parisien.</p><p>La Ville de Paris<br />Les services de la Mairie en charge de l''espace public</p>','<p>Votre message a été pris en compte.<br />Les services municipaux vont mettre en oeuvre d''ici le [Date de traitement prévue] les actions appropriées.<br />Merci de l''intérêt que vous portez à l''espace public parisien.</p><p>La Ville de Paris<br />Les services de la Mairie en charge de l''espace public</p>','<p>Votre message a été pris en compte.<br />Les services municipaux vont mettre en oeuvre d''ici le [Date de traitement prévue] les actions appropriées.<br />Merci de l''intérêt que vous portez à l''espace public parisien.</p><p>La Ville de Paris<br />Les services de la Mairie en charge de l''espace public</p>');
INSERT INTO signalement_workflow_notifuser_3contents_config VALUES(82,'Signalement d''un incident','Mairie de Paris','<p>Votre message a été pris en compte.<br />Les services municipaux vont mettre en oeuvre d''ici le [Date de traitement prévue] les actions appropriées.<br />Merci de l''intérêt que vous portez à l''espace public parisien.</p><p>La Ville de Paris<br />Les services de la Mairie en charge de l''espace public</p>','<p>Votre message a été pris en compte.<br />Les services municipaux vont mettre en oeuvre d''ici le [Date de traitement prévue] les actions appropriées.<br />Merci de l''intérêt que vous portez à l''espace public parisien.</p><p>La Ville de Paris<br />Les services de la Mairie en charge de l''espace public</p>','<p>Votre message a été pris en compte.<br />Les services municipaux vont mettre en oeuvre d''ici le [Date de traitement prévue] les actions appropriées.<br />Merci de l''intérêt que vous portez à l''espace public parisien.</p><p>La Ville de Paris<br />Les services de la Mairie en charge de l''espace public</p>');
INSERT INTO signalement_workflow_notifuser_3contents_config VALUES(83,'Signalement d''un incident','Mairie de Paris','<p>Votre message a été pris en compte.<br />Les services municipaux vont mettre en oeuvre d''ici le [Date de traitement prévue] les actions appropriées.<br />Merci de l''intérêt que vous portez à l''espace public parisien.</p><p>La Ville de Paris<br />Les services de la Mairie en charge de l''espace public</p>','<p>Votre message a été pris en compte.<br />Les services municipaux vont mettre en oeuvre d''ici le [Date de traitement prévue] les actions appropriées.<br />Merci de l''intérêt que vous portez à l''espace public parisien.</p><p>La Ville de Paris<br />Les services de la Mairie en charge de l''espace public</p>','<p>Votre message a été pris en compte.<br />Les services municipaux vont mettre en oeuvre d''ici le [Date de traitement prévue] les actions appropriées.<br />Merci de l''intérêt que vous portez à l''espace public parisien.</p><p>La Ville de Paris<br />Les services de la Mairie en charge de l''espace public</p>');
-- reprogrammer
INSERT INTO signalement_workflow_notifuser_3contents_config VALUES(84,'Signalement d''un incident','Mairie de Paris','<p>Votre message a été pris en compte.<br />Les services municipaux vont mettre en oeuvre d''ici le [Date de traitement prévue] les actions appropriées.<br />Merci de l''intérêt que vous portez à l''espace public parisien.</p><p>La Ville de Paris<br />Les services de la Mairie en charge de l''espace public</p>','<p>Votre message a été pris en compte.<br />Les services municipaux vont mettre en oeuvre d''ici le [Date de traitement prévue] les actions appropriées.<br />Merci de l''intérêt que vous portez à l''espace public parisien.</p><p>La Ville de Paris<br />Les services de la Mairie en charge de l''espace public</p>','<p>Votre message a été pris en compte.<br />Les services municipaux vont mettre en oeuvre d''ici le [Date de traitement prévue] les actions appropriées.<br />Merci de l''intérêt que vous portez à l''espace public parisien.</p><p>La Ville de Paris<br />Les services de la Mairie en charge de l''espace public</p>');
-- service fait
INSERT INTO signalement_workflow_notifuser_3contents_config VALUES(85,'Signalement d''un incident','Mairie de Paris','<p>Votre message est clôturé.<br />Les services municipaux ont traité votre message et ont opéré les actions appropriées.<br />Nous vous remercions une nouvelle fois de votre participation qui a permis d''améliorer la qualité de notre environnement urbain.</p><p><br />La Ville de Paris<br />Les services de la Mairie en charge de l''espace public</p>','<p>Votre message est clôturé.<br />Les services municipaux ont traité votre message et ont opéré les actions appropriées.<br />Nous vous remercions une nouvelle fois de votre participation qui a permis d''améliorer la qualité de notre environnement urbain.</p><p><br />La Ville de Paris<br />Les services de la Mairie en charge de l''espace public</p>','<p>Votre message est clôturé.<br />Les services municipaux ont traité votre message et ont opéré les actions appropriées.<br />Nous vous remercions une nouvelle fois de votre participation qui a permis d''améliorer la qualité de notre environnement urbain.</p><p><br />La Ville de Paris<br />Les services de la Mairie en charge de l''espace public</p>');
INSERT INTO signalement_workflow_notifuser_3contents_config VALUES(86,'Signalement d''un incident','Mairie de Paris','<p>Votre message est clôturé.<br />Les services municipaux ont traité votre message et ont opéré les actions appropriées.<br />Nous vous remercions une nouvelle fois de votre participation qui a permis d''améliorer la qualité de notre environnement urbain.</p><p><br />La Ville de Paris<br />Les services de la Mairie en charge de l''espace public</p>','<p>Votre message est clôturé.<br />Les services municipaux ont traité votre message et ont opéré les actions appropriées.<br />Nous vous remercions une nouvelle fois de votre participation qui a permis d''améliorer la qualité de notre environnement urbain.</p><p><br />La Ville de Paris<br />Les services de la Mairie en charge de l''espace public</p>','<p>Votre message est clôturé.<br />Les services municipaux ont traité votre message et ont opéré les actions appropriées.<br />Nous vous remercions une nouvelle fois de votre participation qui a permis d''améliorer la qualité de notre environnement urbain.</p><p><br />La Ville de Paris<br />Les services de la Mairie en charge de l''espace public</p>');
INSERT INTO signalement_workflow_notifuser_3contents_config VALUES(87,'Signalement d''un incident','Mairie de Paris','<p>Votre message est clôturé.<br />Les services municipaux ont traité votre message et ont opéré les actions appropriées.<br />Nous vous remercions une nouvelle fois de votre participation qui a permis d''améliorer la qualité de notre environnement urbain.</p><p><br />La Ville de Paris<br />Les services de la Mairie en charge de l''espace public</p>','<p>Votre message est clôturé.<br />Les services municipaux ont traité votre message et ont opéré les actions appropriées.<br />Nous vous remercions une nouvelle fois de votre participation qui a permis d''améliorer la qualité de notre environnement urbain.</p><p><br />La Ville de Paris<br />Les services de la Mairie en charge de l''espace public</p>','<p>Votre message est clôturé.<br />Les services municipaux ont traité votre message et ont opéré les actions appropriées.<br />Nous vous remercions une nouvelle fois de votre participation qui a permis d''améliorer la qualité de notre environnement urbain.</p><p><br />La Ville de Paris<br />Les services de la Mairie en charge de l''espace public</p>');
INSERT INTO signalement_workflow_notifuser_3contents_config VALUES(88,'Signalement d''un incident','Mairie de Paris','<p>Votre message est clôturé.<br />Les services municipaux ont traité votre message et ont opéré les actions appropriées.<br />Nous vous remercions une nouvelle fois de votre participation qui a permis d''améliorer la qualité de notre environnement urbain.</p><p><br />La Ville de Paris<br />Les services de la Mairie en charge de l''espace public</p>','<p>Votre message est clôturé.<br />Les services municipaux ont traité votre message et ont opéré les actions appropriées.<br />Nous vous remercions une nouvelle fois de votre participation qui a permis d''améliorer la qualité de notre environnement urbain.</p><p><br />La Ville de Paris<br />Les services de la Mairie en charge de l''espace public</p>','<p>Votre message est clôturé.<br />Les services municipaux ont traité votre message et ont opéré les actions appropriées.<br />Nous vous remercions une nouvelle fois de votre participation qui a permis d''améliorer la qualité de notre environnement urbain.</p><p><br />La Ville de Paris<br />Les services de la Mairie en charge de l''espace public</p>');
INSERT INTO signalement_workflow_notifuser_3contents_config VALUES(89,'Signalement d''un incident','Mairie de Paris','<p>Votre message est clôturé.<br />Les services municipaux ont traité votre message et ont opéré les actions appropriées.<br />Nous vous remercions une nouvelle fois de votre participation qui a permis d''améliorer la qualité de notre environnement urbain.</p><p><br />La Ville de Paris<br />Les services de la Mairie en charge de l''espace public</p>','<p>Votre message est clôturé.<br />Les services municipaux ont traité votre message et ont opéré les actions appropriées.<br />Nous vous remercions une nouvelle fois de votre participation qui a permis d''améliorer la qualité de notre environnement urbain.</p><p><br />La Ville de Paris<br />Les services de la Mairie en charge de l''espace public</p>','<p>Votre message est clôturé.<br />Les services municipaux ont traité votre message et ont opéré les actions appropriées.<br />Nous vous remercions une nouvelle fois de votre participation qui a permis d''améliorer la qualité de notre environnement urbain.</p><p><br />La Ville de Paris<br />Les services de la Mairie en charge de l''espace public</p>');
-- rejeter
INSERT INTO signalement_workflow_notifuser_3contents_config VALUES(90,'Signalement d''un incident','Mairie de Paris','<p>Nous avons bien reçu votre message mais les informations transmises sont insuffisantes ou inadaptées<br />et ne permettent pas à nos services d''y donner suite.<br />Avant de ne nous transmettre un nouveau message, nous vous invitons à vérifier si :<br /><br />- La localisation transmise est bien précise, en particulier dans un grand parc.<br />- L''incident se situe bien sur l''espace public municipal et non dans un espace privé.<br />- La description de la situation est précise.<br />- La qualité de la photo est correcte et adaptée.<br />- Une signalétique explicative n''est pas déjà mise en place autour de l''incident.<br />Ceci afin de nous permettre d''améliorer notre réactivité et de vous apporter toute satisfaction dans notre réponse.<br /><br />Nous vous remercions de votre participation.<br /><br />La Ville de Paris<br />Les services de la Mairie en charge de l''espace public<br /></p>','<p>Nous avons bien reçu votre message mais les informations transmises sont insuffisantes ou inadaptées<br />et ne permettent pas à nos services d''y donner suite.<br />Avant de ne nous transmettre un nouveau message, nous vous invitons à vérifier si :<br /><br />- La localisation transmise est bien précise, en particulier dans un grand parc.<br />- L''incident se situe bien sur l''espace public municipal et non dans un espace privé.<br />- La description de la situation est précise.<br />- La qualité de la photo est correcte et adaptée.<br />- Une signalétique explicative n''est pas déjà mise en place autour de l''incident.<br />Ceci afin de nous permettre d''améliorer notre réactivité et de vous apporter toute satisfaction dans notre réponse.<br /><br />Nous vous remercions de votre participation.<br /><br />La Ville de Paris<br />Les services de la Mairie en charge de l''espace public<br /></p>','<p>Nous avons bien reçu votre message mais les informations transmises sont insuffisantes ou inadaptées<br />et ne permettent pas à nos services d''y donner suite.<br />Avant de ne nous transmettre un nouveau message, nous vous invitons à vérifier si :<br /><br />- La localisation transmise est bien précise, en particulier dans un grand parc.<br />- L''incident se situe bien sur l''espace public municipal et non dans un espace privé.<br />- La description de la situation est précise.<br />- La qualité de la photo est correcte et adaptée.<br />- Une signalétique explicative n''est pas déjà mise en place autour de l''incident.<br />Ceci afin de nous permettre d''améliorer notre réactivité et de vous apporter toute satisfaction dans notre réponse.<br /><br />Nous vous remercions de votre participation.<br /><br />La Ville de Paris<br />Les services de la Mairie en charge de l''espace public<br /></p>');
INSERT INTO signalement_workflow_notifuser_3contents_config VALUES(91,'Signalement d''un incident','Mairie de Paris','<p>Nous avons bien reçu votre message mais les informations transmises sont insuffisantes ou inadaptées<br />et ne permettent pas à nos services d''y donner suite.<br />Avant de ne nous transmettre un nouveau message, nous vous invitons à vérifier si :<br /><br />- La localisation transmise est bien précise, en particulier dans un grand parc.<br />- L''incident se situe bien sur l''espace public municipal et non dans un espace privé.<br />- La description de la situation est précise.<br />- La qualité de la photo est correcte et adaptée.<br />- Une signalétique explicative n''est pas déjà mise en place autour de l''incident.<br />Ceci afin de nous permettre d''améliorer notre réactivité et de vous apporter toute satisfaction dans notre réponse.<br /><br />Nous vous remercions de votre participation.<br /><br />La Ville de Paris<br />Les services de la Mairie en charge de l''espace public<br /></p>','<p>Nous avons bien reçu votre message mais les informations transmises sont insuffisantes ou inadaptées<br />et ne permettent pas à nos services d''y donner suite.<br />Avant de ne nous transmettre un nouveau message, nous vous invitons à vérifier si :<br /><br />- La localisation transmise est bien précise, en particulier dans un grand parc.<br />- L''incident se situe bien sur l''espace public municipal et non dans un espace privé.<br />- La description de la situation est précise.<br />- La qualité de la photo est correcte et adaptée.<br />- Une signalétique explicative n''est pas déjà mise en place autour de l''incident.<br />Ceci afin de nous permettre d''améliorer notre réactivité et de vous apporter toute satisfaction dans notre réponse.<br /><br />Nous vous remercions de votre participation.<br /><br />La Ville de Paris<br />Les services de la Mairie en charge de l''espace public<br /></p>','<p>Nous avons bien reçu votre message mais les informations transmises sont insuffisantes ou inadaptées<br />et ne permettent pas à nos services d''y donner suite.<br />Avant de ne nous transmettre un nouveau message, nous vous invitons à vérifier si :<br /><br />- La localisation transmise est bien précise, en particulier dans un grand parc.<br />- L''incident se situe bien sur l''espace public municipal et non dans un espace privé.<br />- La description de la situation est précise.<br />- La qualité de la photo est correcte et adaptée.<br />- Une signalétique explicative n''est pas déjà mise en place autour de l''incident.<br />Ceci afin de nous permettre d''améliorer notre réactivité et de vous apporter toute satisfaction dans notre réponse.<br /><br />Nous vous remercions de votre participation.<br /><br />La Ville de Paris<br />Les services de la Mairie en charge de l''espace public<br /></p>');






